name,latitude,longitude,color,family,country
!Xoon [nmn],-24,21.5,#998D5C,Tuu,Botswana
/Xam [xam],-30.34,21.82,#9D8662,Tuu,South Africa
||Ani [hnh],-19.3,22.5,#66877D,Khoe,Botswana
||Gana [gnk],-19,22.5,#677F6B,Khoe,Botswana
Aari [aiw],6,36.6,#348D6C,Afro-Asiatic,Ethiopia
Abipon [axb],-26,-61,#9C4968,Guaicuruan,Argentina
Abkhaz [abk],43,41.03,#534768,North-west Caucasus,Georgia
Abma [app],-15.75,168.083,#A86C80,Austronesian,Vanuatu
Abui [abz],-8.417,124.6,#B05CAA,Timor-Alor-Pantar,Indonesia
Abun [kgr],-0.833,132,#CBB684,West Papuan,Indonesia
Acehnese [ace],5.333,96.167,#DFA071,Austronesian,Indonesia
Achumawi [acv],41.5,-121,#6E529A,Palaihnihan,USA
Adyghe [ady],44.1,39.08,#2D5384,North-west Caucasus,Russia
Adynyamathanha [adt],-31,139.5,#4B83B5,Pama-Nyungan,Australia
Adzera [azr],-6.417,146.25,#B88498,Austronesian,Papua New Guinea
Agarabi [agd],-6.25,145.917,#2445BC,Trans New Guinea,Papua New Guinea
Aghem [agq],6.39,10.12,#C28F57,Niger-Kongo,Cameroon
Agta [agt],17.967,121.833,#C18C6D,Austronesian,Philippines
Aguaruna [agr],-5.25,-78,#4A4692,Jivaroan,Peru
Agutaynen [agn],11.15,120.95,#B1628E,Austronesian,Philippines
Ai-cham_Diwo [aih],25.8,107,#E5EE7B,Tai-Kadai,China
Ainu [ain],43.5,142,#8C5390,Ainu,Japan
Aka [hru],27.2,92.9,#4D9188,Tibeto-Burman,India
Akan [aka],6.5,-1.25,#AA658B,Niger-Kongo,Ghana
Akha [ahk],20.3,99.6,#91C7A5,Tibeto-Burman,Thailand
Akkadian [akk],33.1,44,#615144,Afro-Asiatic,Iraq
Alabama [akz],32.7,-86.1,#5F29AB,Muskogean,USA
Alamblak [amp],-4.667,143.25,#635579,Sepik,Papua New Guinea
Albanian Tosk [als],40.5,20,#757B14,Indo-European,Albania
Aleut [ale],54,-166,#2F588E,Eskimo-Aleut,USA
Alune [alp],-3.167,128.333,#C64CA2,Austronesian,Indonesia
Alyawarr [aly],-24.6,134.5,#5C98BC,Pama-Nyungan,Australia
Amarasi [aaz],-10.08,124.33,#CC637E,Austronesian,Indonesia
Ambae_West [omb],-15.5,167.75,#C0628F,Austronesian,Vanuatu
Ambai [amk],-1.917,136.733,#CA6983,Austronesian,Indonesia
Ambonese Malay [abs],-3.7,128.2,#D2BF81,Austronesian,Indonesia
Amdo [adx],36,94,#47C6B7,Tibeto-Burman,China
Amele [aey],-5.25,145.75,#8D638F,Trans New Guinea,Papua New Guinea
Amharic [amh],10,38,#495930,Afro-Asiatic,Ethiopia
Amis [ami],23.333,121.333,#B17B79,Austronesian,Taiwan
Amoy [nan],24.5,118,#A5D767,Tibeto-Burman,China
Anejom [aty],-20.25,169.833,#D06B96,Austronesian,Vanuatu
Anem [anz],-5.667,149,#BE828F,Anem,Papua New Guinea
Angas [anc],9.75,8.75,#D19C6E,Afro-Asiatic,Nigeria
Anguthimri [xxx-3],-12.333,141.833,#4CA8A4,Pama-Nyungan,Australia
Anindilyagwa [aoi],-14,136.5,#7A4C99,Anindilyagwa,Australia
Anong [nun],27.2,98.8,#6AC682,Tibeto-Burman,China
Ao [njo],27,95,#5EC0C1,Tibeto-Burman,India
Apalai [apy],0,-54,#7829AD,Cariban,Brazil
Apatani [apt],27.4,93.8,#49BC8D,Tibeto-Burman,India
Apurinã [apu],-9,-67,#904471,Arawak,Brazil
Arabana [ard],-28,137,#38A9AB,Pama-Nyungan,Australia
Arabic [arb],30,42,#8E3B2B,Afro-Asiatic,Saudi Arabia
Arabic_Abha [acw-4],18.22,42.51,#983729,Afro-Asiatic,Saudi Arabia
Arabic_Afghanistan [acm-3],36.7,67.12,#625A3F,Afro-Asiatic,Afghanistan
Arabic_Basra [acm],30.5,47.825,#81633F,Afro-Asiatic,Iraq
Arabic_Bukhara [abh],39.77,64.43,#4F6838,Afro-Asiatic,Uzbekistan
Arabic_Egyptian [arz],30,30,#B23F32,Afro-Asiatic,Egypt
Arabic_Gulf [afb],24,54,#9F5430,Afro-Asiatic,United Arab Emirates
Arabic_Harb [acw-5],25.81,42.87,#9C4F1B,Afro-Asiatic,Saudi Arabia
Arabic_Khuzestan [acm-2],31.33,48.69,#9E4424,Afro-Asiatic,Iran
Arabic_Moroccan [ary],34,-7,#A23A24,Afro-Asiatic,Morocco
Arabic_Sudanese [apd],15.5,32.56,#A24637,Afro-Asiatic,Sudan
Arabic_Syrian [apc],33,37,#A04821,Afro-Asiatic,Syria
Arabic_Tunisian [aeb],36,10,#843E29,Afro-Asiatic,Tunisia
Arandai [jbj],-2.17,133,#53519F,Trans New Guinea,Indonesia
Araona  [aro],-12.333,-67.75,#5850A5,Tacanan,Bolivia
Archi [aqc],42.07,46.86,#26626E,Nakh-Daghestanian,Russia
Arguni [agf],-2.667,132.5,#C090A6,Austronesian,Indonesia
Arizona Tewa [tew],35.8,-110.4,#6452A5,Kiowa-Tanoan,USA
Armenian [hye],40,45,#417A2E,Indo-European,Armenia
Arop-Lokep [apr],-5.333,147.083,#BA749F,Austronesian,Papua New Guinea
Arrernte_Central [are],-22.85,133.7,#5394C3,Pama-Nyungan,Australia
Arrernte_Mparntwe [aer],-24,136,#639AB3,Pama-Nyungan,Australia
Asheninka_Apurucayali [cpc],-10.018,-74.793,#783E8C,Arawak,Peru
Asmat [asc],-5.167,138.5,#6F4D9F,Trans New Guinea,Indonesia
Assamese [asm],26.5,93,#289E4E,Indo-European,India
Ata [ata],-5.667,151,#BC3691,Ata,Papua New Guinea
Atayal [tay],24.5,121,#BD8480,Austronesian,Taiwan
Athpare [aph],26.75,87.33,#3A5887,Tibeto-Burman,Nepal
Atong [aot],25.5,90.5,#4BAA92,Tibeto-Burman,India
Atsugewi [atw],40.75,-121,#645F8A,Palaihnihan,USA
Awa [awb],-6.75,145.667,#34559A,Trans New Guinea,Papua New Guinea
Awa Pit [kwi],0.75,-78.5,#34715B,Barbacoan,Ecuador
Awar [aya],-4,144.625,#5FB1A9,Lower Sepik-Ramu,Papua New Guinea
Awtuw [kmn],-3.5,141.917,#51A39E,Sepik,Papua New Guinea
Aymara [ayr],-16,-69.5,#536475,Aymaran,Peru
Azerbaijani [azj],40.5,48.5,#26975A,Turkic,Azerbaijan
Azeri [azb],40.67,47.75,#238E49,Turkic,Azerbaijan
Baagandji [drl],-32,142.533,#407093,Pama-Nyungan,Australia
Babungo [bav],6.12,10.42,#BE9E5A,Niger-Kongo,Cameroon
Badimaya [bia],-27.667,120,#42A4AC,Pama-Nyungan,Australia
Bafut [bfd],6.083,10.0999,#AA7652,Niger-Kongo,Cameroon
Bagirmi [bmi],10.2,17,#BE8F83,Nilo-Saharan,Chad
Bagri [bgq],29.6,74.3,#249833,Indo-European,India
Bahing [bhj],27.27,86.56,#347CAD,Tibeto-Burman,Nepal
Bahnar [bdq],14,108.5,#DFD482,Austroasiatic,Vietnam
Bai [bca],26,100,#87C278,Tibeto-Burman,China
Bajau_Semporna [ssb],4.5,118.5,#DE8180,Austronesian,Indonesia
Balangao [blw],17.167,120.333,#C98084,Austronesian,Philippines
Balanta [ble],12,-15,#C7487D,Niger-Kongo,Guinea Bissau
Balantak [blz],-0.82,123.431,#CF7B96,Austronesian,Indonesia
Balinese [ban],-8.583,115.25,#E6B381,Austronesian,Indonesia
Balochi [bgp-2],27,63.5,#369D54,Indo-European,Pakistan
Balti [bft],35.2,76,#23B895,Tibeto-Burman,Pakistan
Bambara [bam],12.5,-7.5,#848E81,Mande,Mali
Banda [bnd],-5.25,133.17,#CA7EA0,Austronesian,Indonesia
Bandjalang [bdy],-28.75,153,#4AA194,Pama-Nyungan,Australia
Bandjalang-Gidabal [bdy-3],-28.25,152,#5596A3,Pama-Nyungan,Australia
Banggai [bgz],-1.42,123.17,#C36989,Austronesian,Indonesia
Banggime [dbb],14.78,-3.76,#92A19F,Banggime,Mali
Banjar [bjn],-2.5,115.5,#DDAA72,Austronesian,Indonesia
Bankariya [cdm-2],27.5,85,#329D95,Tibeto-Burman,Nepal
Bantawa [bap],27.2,87.1,#2565B5,Tibeto-Burman,Nepal
Baoan [peh],35.5,102,#3FBB82,Mongolic,China
Barai [bbb],-9.417,148,#74558E,Trans New Guinea,Papua New Guinea
Baram [brd],27.95,85,#34C8A3,Tibeto-Burman,Nepal
Barang-barang [lji],-6.4,120.5,#DD6A8A,Austronesian,Indonesia
Barasano [bsn],-0.25,-70.75,#4B587E,Tucanoan,Colombia
Bardi [bcj],-16.58,122.92,#6E68A8,Nyulnyul,Australia
Bari [bfa],3.8,31,#BF8A6E,Nilo-Saharan,South Sudan
Barupu [wra],-3.083,142.083,#A74DA0,Skou,Papua New Guinea
Bashkir [bak],53,58,#27995B,Turkic,Russia
Basque [eus],43.2,-3,#4B6F5D,Basque,Spain
Batuley [bay],-5.8,134.75,#D5638F,Austronesian,Indonesia
Bawm [bgr],22.5,92.25,#78AA9B,Tibeto-Burman,India
Begak [dbj-2],5.25,118.833,#CA8D9D,Austronesian,Malaysia
Beja [bej],18,36,#425452,Afro-Asiatic,Sudan
Belarussian [bel],54,27,#53830F,Indo-European,Belarus
Belhare [byw],27,87.25,#2B61BA,Tibeto-Burman,Nepal
Bemba [bem],-11,31,#B0616D,Niger-Kongo,Zambia
Bembe [bmb],-4,14,#B55A60,Niger-Kongo,Democratic Republic of the Congo
Bende [bdp],-6,30.5,#BF5766,Niger-Kongo,Tanzania
Bengali [ben],22.5,90,#2B9D3D,Indo-European,Bangladesh
Berik [bkl],-2.25,138.92,#5E7492,Trans New Guinea,Indonesia
Betta_Kurumba [xub],11.58,76.55,#0C748B,Dravidian,India
Bhojpuri [bho],26.8,85.3,#239735,Indo-European,India
Biak [bhw],-1,136,#C66F81,Austronesian,Indonesia
Bih [rad-2],12.48,108.025,#E1DD7F,Austronesian,Vietnam
Bijago [bjg],11.28,-15.83,#AA4F71,Niger-Kongo,Guinea Bissau
Bikol [bcl],13.333,123.5,#CA81A1,Austronesian,Philippines
Biloxi [bll],32.25,-90,#6D3DBA,Siouan,USA
Bilua [blb],-7.75,156.667,#934E7B,Solomons East Papuan,Solomons
Binandere [bhg],-8.167,147.917,#5E869B,Trans New Guinea,Papua New Guinea
Bininj Gun-Wok [gup],-12.5,133.75,#8E4690,Gunwinyku,Australia
Biri [bzr],-20.5,146.5,#50958E,Pama-Nyungan,Australia
Blackfoot [bla],50,-112.67,#85139A,Algic,Canada
Blang [blr],23.3,100,#E3C992,Austroasiatic,China
Bobongko [bgb],-0.5,121.75,#D98298,Austronesian,Indonesia
Bokar [adi-2],29,94.35,#64C8A4,Tibeto-Burman,India
Bontok [bnc],17.083,120.917,#CC7F7F,Austronesian,Philippines
Bouyei_west [pcc-2],25.75,107.333,#E8D394,Tai-Kadai,China
Brag-g.yab [khg-2],30.65,97.55,#27C98C,Tibeto-Burman,China
Brahui [brh],29,67,#3C7852,Dravidian,Pakistan
Brao [brb],14,107,#DFE07C,Austroasiatic,Vietnam
Breton [bre],48,-3.5,#965511,Indo-European,France
Bribri [bzd],9.5,-83,#858B98,Chibchan,Costa Rica
Brokpa [sgt],27.33,92,#3CAEA2,Tibeto-Burman,Bhutan
Bugan [bbh],23.75,105,#D5C98A,Austroasiatic,China
Bugis [bug],-4,120,#D58277,Austronesian,Indonesia
Bugun [bgn],27.3,92.35,#4CAE84,Kho-Bwa,India
Buin [buo],-6.75,155.833,#584499,East Bougainville,Papua New Guinea
Bukiyip_Arapesh [ape],-3.667,142.5,#A9666E,Torricelli,Papua New Guinea
Bularnu [yil],-21.5,137.5,#4FB19F,Pama-Nyungan,Australia
Bulgarian [bul],43,25,#6C7F0D,Indo-European,Bulgaria
Bumbita_Arapesh [aon],-3.667,142.833,#B66585,Torricelli,Papua New Guinea
Bumthang [kjz],27.8,90.8,#36D5A2,Tibeto-Burman,Bhutan
Bumthang_Ura [kjz-2],27.48,90.905,#37C5B3,Tibeto-Burman,Bhutan
Bunan [bfu],32.61,76.91,#2B997A,Tibeto-Burman,India
Bunaq [bfn],-9.1,125.15,#B06FA6,Timor-Alor-Pantar,Indonesia
Bunun [bnn],23.5,121,#CE718F,Austronesian,Taiwan
Burarra [bvr],-12.25,134.667,#8051AE,Maningrida,Australia
Burmese [mya],20,96,#69C2AE,Tibeto-Burman,Myanmar
Burmese_Myeik [mya-2],12.43,98.6,#6ACE86,Tibeto-Burman,Myanmar
Buru [mhs],-3.5,126.5,#D0B19E,Austronesian,Indonesia
Burushaski [bsk],36.5,74.5,#186755,Burushaski,Pakistan
Buryat [bxm],52,108,#257C56,Mongolic,Russia
Buyang [yha],24,104.8,#DED588,Tai-Kadai,China
Buyuan Jino [jiy],22.05,101,#81D5A2,Tibeto-Burman,China
Byansi [bee],30.17,80.5,#31B274,Tibeto-Burman,India
Caddo [cad],33.33,-93.5,#661EA5,Caddoan,USA
Cahuilla [chl],33.75,-117.75,#533F82,Uto-Aztecan,USA
Cakchiquel [ckf],14.5,-91,#944B41,Mayan,Guatemala
Camling [rab],27.3,86.8,#3261A5,Tibeto-Burman,Nepal
Campa [cni],-12,-74,#854D7E,Arawak,Peru
Canela-Krahô [ram],-6.5,-45,#9B88AB,Macro-Je,Brazil
Cantonese [yue],22.333,114,#A0D277,Tibeto-Burman,China
Capanahua [kaq],-7,-74,#396195,Panoan,Peru
Car [caq],9.167,92.75,#ADAB6B,Austroasiatic,India
Carib [car],7.85,-59,#67488B,Cariban,Guyana
Catalan [cat],41.4,2.3,#7C860C,Indo-European,Spain
Cayuvava [cyb],-12.5,-67,#B34163,Cayuvava,Bolivia
Cebuano [ceb],10,124,#BE8086,Austronesian,Philippines
Chadong [cdy],25.2,110.2,#BFE589,Tai-Kadai,China
Cham_Eastern [cjm],11.333,108.5,#DAD78A,Austronesian,Vietnam
Cham_Western [cja],12,105.5,#E1D283,Austronesian,Cambodia
Chamorro [cha],13.583,145,#CB7D67,Austronesian,Guam
Chantyal [chx],28.75,83.5,#2FCE98,Tibeto-Burman,Nepal
Chechen [che],43.13,45.54,#257B65,Nakh-Daghestanian,Russia
Chemehuevi [ute-3],34.33,-115.17,#4C6F7B,Uto-Aztecan,USA
Chepang [cdm],28.05,83.92,#40A29C,Tibeto-Burman,Nepal
Cherokee [chr],35.5,-83.5,#7E37A8,Iroquoian,USA
Chickasaw [cic],34,-88,#7C49A6,Muskogean,USA
Chimariko [cid],41,-123,#54458B,Chimariko,USA
Chin_Daai [dao],21.1,93.65,#75A0A2,Tibeto-Burman,Myanmar
Chin_Falam [cfm],22.9,93.67,#5F8897,Tibeto-Burman,Myanmar
Chin_Tiddim [ctd],23.333,93.667,#90A4BB,Tibeto-Burman,Myanmar
Chinook [chh],46,-124,#92376B,Chinook,USA
ChiNyanja [nya],-15,35,#C7635F,Niger-Kongo,Malawi
Chiricahua [apm],33.5,-108,#81397A,Dene-Yeniseic,USA
Chitimacha [ctm],29.67,-91,#665394,Totozoquean-Chitimacha,USA
Chittagong [ben-2],22.37,91.8,#2ABB41,Indo-European,Bangladesh
Chöcangacakha [cgk],27.5,90.88,#3ED0A1,Tibeto-Burman,Bhutan
Choctaw [cho],32.25,-88.5,#7448A9,Muskogean,USA
Cholon [cht],-8,-77.5,#633E8E,Cholon,Peru
Chontal [chd],18.17,-92.58,#935F3F,Mayan,Mexico
Chrau [crw],10.667,107.5,#E1D389,Austroasiatic,Vietnam
Chukchi [ckt],67,-173,#4E778E,Chukotko-Kamchatkan,Russia
Chumash [boi],34.67,-120.25,#8C505C,Chumash,USA
Chuvash [chv],55.5,47.5,#1A7F77,Turkic,Russia
CiLuba [lua],-6,22,#C94956,Niger-Kongo,Democratic Republic of the Congo
Classical Malay [xxx-96],2.2,102.5,#D89D6E,Austronesian,Malaysia
Coahuilteco [xxx-6],28,-100,#6935A1,Coahuilteco,USA
Cocopa [coc],32.5,-115,#5A28AF,Yuman-Cochimi,USA
Coeur d'Alene [crd],47.33,-117,#953971,Salish,USA
Cogtse Gyarong [jya],32.1,100.9,#52737D,Tibeto-Burman,China
Comanche [com],33.5,-101.5,#4A5D82,Uto-Aztecan,USA
Comox [coo],49.75,-125,#8B3556,Salish,Canada
Coos [csz],43.5,-124.17,#793B5D,Coos,USA
Cora [crn],23.333,-99,#713063,Uto-Aztecan,Mexico
Cornish [cor],50.5,-4.5,#967C27,Indo-European,Britain
Cree_Plains [crk],54,-116,#9C318D,Algic,Canada
Cree_Woods [cwd],58,-102,#8A3981,Algic,Canada
Creek [mus],30.41,-85.2,#582DB2,Muskogean,USA
Crow [cro],45.5,-108,#7A2AB0,Siouan,USA
Cua [cua],15.167,108.667,#D7E17D,Austroasiatic,Vietnam
Cubeo [cub],1.33,-70.5,#3C537E,Tucanoan,Colombia
Cupeño [cup],33.17,-116.5,#2C4487,Uto-Aztecan,USA
Czech [ces],50,14.5,#487D1D,Indo-European,Czech Republic
Dadua [gal-2],-8.135,125.638,#CB717A,Austronesian,Timor leste
Daga [dgz],-10,149.25,#815696,Trans New Guinea,Papua New Guinea
Dagaare [dga],11.5,-2.5,#B7AF78,Niger-Kongo,Burkina Faso
Dagur [dta],48,124,#3CA152,Mongolic,China
Dakpa [dka],27.75,91.5,#42C994,Tibeto-Burman,Bhutan
Damal [uhn],-4,137.5,#4F59B6,Damal,Indonesia
Damar_West [drn],-7,128.5,#B9618B,Austronesian,Indonesia
Dameli [dml],35.375,71.693,#20893C,Indo-European,Pakistan
Damin [xxx-7],-16.4,139.35,#5E9D99,Tangkic,Australia
Dani [dni],-4,138.917,#583FC1,Trans New Guinea,Indonesia
Danish [dan],56,10,#73A726,Indo-European,Denmark
Darai [dry],27.85,84.1,#24935C,Indo-European,Nepal
Darma [drd],29.84,80.517,#449BA3,Tibeto-Burman,India
Dekwana [mch],4.5,-63.5,#66329A,Cariban,Venezuela
Denaina [tfn],62,-150,#8931A5,Dene-Yeniseic,USA
Denjongkha [sip],27.5,88.5,#6DE08E,Tibeto-Burman,India
Dhao [nfa],-10.83,122.75,#D6797D,Austronesian,Indonesia
Dharawal [tbh],-34.5,150.5,#5BC0B9,Pama-Nyungan,Australia
Dharuk [xxx-8],-33.1,151.75,#4277B4,Pama-Nyungan,Australia
Dharumbal [bjy],-22.75,150,#55A7AF,Pama-Nyungan,Australia
Dhimal [dhi],26.6,86.75,#339C77,Tibeto-Burman,Nepal
Didinga [did],4.33,33.6,#904B68,Nilo-Saharan,Sudan
Diegueño [dih],32.67,-116.17,#613CA3,Yuman-Cochimi,USA
Digaru Mishmi [mhu],28.2,96.2,#3CA394,Tibeto-Burman,India
Dimasa [dis],25.33,93,#5598A5,Tibeto-Burman,India
Dime [dim],6.25,36.33,#3D9550,Afro-Asiatic,Ethiopia
Dimili [diq],38,40,#308537,Indo-European,Turkey
Dingri [bod-4],28.567,86.633,#3DBCA4,Tibeto-Burman,China
Diola [dyo],13,-16,#C64F6C,Niger-Kongo,Senegal
Diyari [dif],-28,139,#5F87B6,Pama-Nyungan,Australia
Djabugay [dyy],-16.65,145.5,#49AEA4,Pama-Nyungan,Australia
Djambarrpuyngu [djr],-12,135.5,#58A7B1,Pama-Nyungan,Australia
Djapu [duj],-12.667,136,#65A0A6,Pama-Nyungan,Australia
Djaru [ddj],-18.75,128,#5598B3,Pama-Nyungan,Australia
Djinang [dji],-12.5,134.833,#53A4A1,Pama-Nyungan,Australia
Djingili [jig],-17.25,133.833,#686AA3,Mirndi,Australia
Dobel [kvo],-6.083,134.5,#BF499B,Austronesian,Indonesia
Dogon [dbu],14.5,-2.5,#6165A4,Niger-Kongo,Mali
Dohoi [otd],-0.5,113,#D86A77,Austronesian,Indonesia
Dolpo [dre],29,83,#44BDC5,Tibeto-Burman,Nepal
Dom [doa],-6,144.917,#6F6BAE,Trans New Guinea,Papua New Guinea
Dong [doc],26,109,#D2D87F,Tai-Kadai,China
Dongwang [khg],28.25,99.55,#45CAA8,Tibeto-Burman,China
Doutai [tds],-3.25,138.25,#76A693,Lakes Plains,Indonesia
Doyayo [dow],8.67,13.08,#B5557B,Adamawa-Ubangi,Cameroon
Drehu [dhv],-21,167.083,#D6A55F,Austronesian,New Caledonia
Drokpa [bod-5],29.05,84.5,#2FC5B3,Tibeto-Burman,China
Dulong [duu],28,98.333,#58A8A9,Tibeto-Burman,China
Dumaki [dmk],36.167,74,#2DAC3E,Indo-European,Pakistan
Dumi [dus],27.25,86.67,#3D81A9,Tibeto-Burman,Nepal
Dumo [vam],-2.667,141.25,#AF788E,Skou,Papua New Guinea
Dura [drq],28.5,84.25,#3DCC77,Tibeto-Burman,Nepal
Dutch [nld],52,7,#6F8910,Indo-European,Netherlands
Dyirbal [dbl],-17.583,145.5,#6BA1AB,Pama-Nyungan,Australia
Dzongkha [dzo],27.5,89.5,#2FAC97,Tibeto-Burman,Bhutan
Edolo [etr],-6.083,142.667,#4F6DB0,Trans New Guinea,Papua New Guinea
Ejagham [etu],5.6,9,#AC7374,Niger-Kongo,Cameroon
Ekagi [ekg],-3.917,136.25,#694BA8,Trans New Guinea,Indonesia
Elopi [dbf],-3.083,137.333,#9EADAA,Lakes Plains,Indonesia
Embaloh [emb],1.1628,112.37,#EB6F96,Austronesian,Indonesia
Embera_Baudo [bdc],5.2,-76.8,#6C9C96,Chocoan,Colombia
Enggano [eno],-5.333,102.25,#D06B73,Austronesian,Indonesia
English [eng],52,0,#748D03,Indo-European,Britain
Erzgebirgisch [nds-3],50.58,13,#66761C,Indo-European,Germany
Estonian [est],59,25,#5B942B,Uralic,Estonia
Eton [eto],4,11.5,#C65B60,Niger-Kongo,Cameroon
Even [eve],68,130,#397A91,Tungusic,Russia
Evenki [evn],56,125,#307E81,Tungusic,Russia
Ewe [ewe],6,1,#C07F66,Niger-Kongo,Ghana
Eyak [eya],60.5,-145,#61468E,Dene-Yeniseic,USA
Fang [fan],0.5,11,#C45656,Niger-Kongo,Equatorial Guinea
Faroese [fao],61.5,-7,#5EA60A,Indo-European,Denmark
Farsi [pes],32,54,#6E6B2E,Indo-European,Iran
Fasu [faa],-6.417,143.167,#4266B5,Trans New Guinea,Papua New Guinea
Fijian [fij],-18,178.333,#C9777D,Austronesian,Fiji
Finnish [fin],62,25,#5A8631,Uralic,Finland
Fordata [frd],-7.17,131.5,#D467A7,Austronesian,Indonesia
Fore [for],-6.75,145.5,#3E3EA6,Trans New Guinea,Papua New Guinea
French [fra],48,3,#849303,Indo-European,France
Frisian [frs],53.2,5.76,#6D9E14,Indo-European,Netherlands
Fula [fuh],11.5,-12.5,#B35576,Niger-Kongo,Guinea
Fulniô [fun],-8.2,-37.3,#5555A9,Macro-Je,Brazil
Fur [fvr],13,25,#699C8B,Nilo-Saharan,Sudan
Futuna_West [fut-2],-19.667,170.667,#C3A779,Austronesian,Vanuatu
Fuyuge [fuy],-8.667,147.333,#6C8B9F,Trans New Guinea,Papua New Guinea
Fuzhou [cdo],26.5,119,#95D976,Tibeto-Burman,China
Ga'anda [gqa],10.33,12.58,#AE5B75,Afro-Asiatic,Nigeria
Gaagudju [gbu],-12.583,132.833,#9453A6,Gaagudju,Australia
Gaahmg [tbi-2],11.767,34.35,#B7835B,Nilo-Saharan,Sudan
Gabigabi [xxx-11],-25.5,153,#5CB8B9,Pama-Nyungan,Australia
Gadsup [gaj],-6.333,146,#3D519D,Trans New Guinea,Papua New Guinea
Gahuku [gah],-6.083,145.4,#383A97,Trans New Guinea,Papua New Guinea
Galela [gbi],2,128.417,#BE61AB,West Papuan,Indonesia
Galo [adi],28,94.75,#5997B4,Tibeto-Burman,India
Galolen [gal],-8.58,126,#C37593,Austronesian,Timor leste
Gamilaraay [kld-2],-31,149.5,#4DA697,Pama-Nyungan,Australia
Garawa [gbc],-17.25,137.667,#72959E,Wanyi-Garrwa,Australia
Garo [grt],26,90,#5997B6,Tibeto-Burman,India
Gathang [kda],-32,152.5,#51ADAD,Pama-Nyungan,Australia
Gayo [gay],4.55,96.95,#E08986,Austronesian,Indonesia
Gbaya-Kara [gya],6,15,#CB918B,Adamawa-Ubangi,Central African Republic
Gbaya-Mbodomo [mdo],4.5,15,#B28C67,Adamawa-Ubangi,Central African Republic
Gbeya_Bossangoa [gbp],6.67,17.5,#BB865D,Adamawa-Ubangi,Central African Republic
Gelao [gio],22.92,105.5,#CFDC7D,Tai-Kadai,China
Georgian [kat],41.72,44.78,#447B42,Kartvelian,Georgia
German [deu],50,10,#629504,Indo-European,Germany
German_Swiss [gsw],46.975,8.405,#649C1A,Indo-European,Switzerland
Ghale [ghe],28.25,84.9,#26C8A0,Tibeto-Burman,Nepal
Gikuyu [kik],-0.75,36.75,#C65566,Niger-Kongo,Kenya
Gitksan [git],55.33,-127.75,#9C606A,Tsimshian,Canada
Gojri [gju],33,76,#22903E,Indo-European,India
Golden Palaung [pll],22.97,97.17,#DDDC6A,Austroasiatic,Myanmar
Golin [gvf],-6.25,144.833,#6464B3,Trans New Guinea,Papua New Guinea
Gondi [gno],19,84.6,#16AC52,Dravidian,India
Gooniyandi [gni],-18.5,126.6,#8766AD,Bunuban,Australia
Gorontalo [gor],0.5,122,#D37C8B,Austronesian,Indonesia
Gorum [pcj],18.5,82.833,#385D80,Austroasiatic,India
Grebo [gry],5.3,-8,#9D9670,Niger-Kongo,Liberia
Greek [ell],38,23,#6A7905,Indo-European,Greece
Green_Hmong [hnj],28,105,#CBD155,Hmong-Mien,China
Greenlandic [kal],61,-48,#3A409F,Eskimo-Aleut,Greenland (Denmark)
Gtaq [gaq],18.633,83.5,#457197,Austroasiatic,India
Gtob [gbj],18.583,82.867,#466E95,Austroasiatic,India
Guajajara [gub],-5,-45,#A13FB6,Tupi,Brazil
Guajira [guc],12,-72,#B13F83,Arawak,Colombia
Guarani [gug],-23,-56,#9F5B91,Tupi,Paraguay
Gubeeher [bcb],12.5,-16.5,#BC4274,Niger-Kongo,Senegal
Gujarati [guj],23,72,#27A420,Indo-European,India
Gumbaynggir [kgs],-30.4,152.5,#5B8ABF,Pama-Nyungan,Australia
Gününa Yajich [xxx-41],-38,-62.5,#6E6D75,Chonan,Argentina
Gureng Gureng [gnr],-25.25,151,#5DA7A8,Pama-Nyungan,Australia
Gurr-goni [gge],-12.25,134.417,#7C5FAA,Maningrida,Australia
Gurung [gvr],28.333,84.333,#3ACFA7,Tibeto-Burman,Nepal
Guugu Yimidhirr [kky],-15,144.833,#52A9A5,Pama-Nyungan,Australia
Haa Zongkha [dzo-2],27.135,89.12,#3BD09A,Tibeto-Burman,Bhutan
Haida [hdn],53,-132,#778081,Haida,Canada
Hajong [haj],26.2,90.5,#36C08A,Indo-European,India
Hakha_Lai [cnh],22.667,93.667,#84ADA7,Tibeto-Burman,Myanmar
Hakka [hak],24.25,116.5,#A1CC72,Tibeto-Burman,China
Halkomelem [hur],49.5,-122.5,#8B225C,Salish,Canada
Hanga_Hundi [wos],-3.833,142.833,#417B74,Sepik,Papua New Guinea
Hangzhou [wuu-2],30.25,120.167,#9FD55E,Tibeto-Burman,China
Harsusi [hss],19.7,55.85,#7F621F,Afro-Asiatic,Oman
Hatam [had],-1,134,#B9819E,Hatam,Indonesia
Hausa [hau],12,7,#B96845,Afro-Asiatic,Nigeria
Hawaiian [haw],21,-157,#B0927E,Austronesian,USA
Hayu [vay],27.25,86,#4C93A0,Tibeto-Burman,Nepal
Hebrew [heb],31.75,35.17,#9D640A,Afro-Asiatic,Israel
Helong [heg],-10.25,123.67,#C97E8B,Austronesian,Indonesia
Herero [her],-21,20,#B95960,Niger-Kongo,Namibia
Hidatsa [hid],48,-110,#6C14BA,Siouan,USA
Hiligaynon [hil],10.25,123,#BF898C,Austronesian,Philippines
Hill_Madia [mrr],18.9,81.35,#1B757D,Dravidian,India
Hindi [hin],27,80,#2AA522,Indo-European,India
Hiw [hiw],-13.25,166.5,#C86F9E,Austronesian,Vanuatu
Hixkaryana [hix],1.5,-60,#803F76,Cariban,Brazil
Hkongso [mro],21.5,93,#99DA81,Tibeto-Burman,Myanmar
Hlai [lic],19.05,109.9,#C4E880,Tai-Kadai,China
Hlersu [hle],24.05,101.975,#75E090,Tibeto-Burman,China
Hmar [hmr],25,92.2,#56BF96,Tibeto-Burman,India
Ho [hoc],22,86,#526687,Austroasiatic,India
Hobyot [hoh],16.21,52.2,#805F29,Afro-Asiatic,Oman
Holoholo [hoo],-5.5,28.25,#BF6062,Niger-Kongo,Democratic Republic of the Congo
Hopi [hop],36,-110,#3D5A9F,Uto-Aztecan,USA
Hresuk [adb],-8.22,125.61,#D7A698,Austronesian,Timor leste
Hua [ygr],-6.333,145.3,#374E99,Trans New Guinea,Papua New Guinea
Huastec [hsf],22.08,-99.33,#A04C48,Mayan,Mexico
Huichol [hch],22,-104,#434A90,Uto-Aztecan,Mexico
Hungarian [hun],47,19,#609334,Uralic,Hungary
Hunzib [huz],42.16,46.23,#217F50,Nakh-Daghestanian,Russia
Hup [jup],0.167,-69.25,#518296,Nadahup,Brazil
Hupa [hup],41.08,-123.67,#7D4D95,Dene-Yeniseic,USA
I’saka [ksi],-2.9,141.4,#A147A5,Skou,Papua New Guinea
Iaai [iai],-20.417,166.417,#DA8367,Austronesian,New Caledonia
Iatmul [ian],-4.25,143.25,#3B6C91,Sepik,Papua New Guinea
Iau [tmu],-3.167,138,#8F9B9C,Lakes Plains,Indonesia
Iban [iba],2,112,#E8C486,Austronesian,Malaysia
Icelandic [isl],65,-19,#5FA008,Indo-European,Iceland
Idu Mishmi [clk],29,96,#5AAAA8,Tibeto-Burman,India
Ifugao_Batad [ifb],16.833,121.083,#C07C7C,Austronesian,Philippines
Igbo [ibo],6,7.33,#AB8578,Niger-Kongo,Nigeria
Iha [ihp],-2.8,132.35,#6552BD,Trans New Guinea,Indonesia
Ik [ikx],3.75,34.17,#7D8660,Nilo-Saharan,Uganda
Ika [arh],10.75,-73.5,#596A99,Chibchan,Colombia
Ilokano [ilo],16,121,#B97864,Austronesian,Philippines
Imonda [imn],-3.25,141.167,#73759A,Trans New Guinea,Papua New Guinea
Inanwatan [szp],-2.17,132,#7838B0,Trans New Guinea,Indonesia
Indonesian [ind],-2.5,104.75,#E39A75,Austronesian,Indonesia
Ingush [inh],42.97,44.77,#208C68,Nakh-Daghestanian,Russia
Iñupiaq [esi],68.13,-151.72,#2C469B,Eskimo-Aleut,USA
Irabu_Ryukyu [mvi-3],24.833,125.183,#2F9F99,Japonic,Japan
Iraqw [irk],-3.5,35,#8C7B5D,Afro-Asiatic,Tanzania
Irarutu [irh],-3,133.5,#CA5E89,Austronesian,Indonesia
Irish [gle],53,-7,#9A6B21,Indo-European,Ireland
Irula [iru],11,77,#128770,Dravidian,India
Italian [ita],43,14,#888A00,Indo-European,Italy
Itelmen [itl],57,157.5,#445A69,Chukotko-Kamchatkan,Russia
Ivatan_Southern [ivv],20.33,121.83,#C38C8E,Austronesian,Philippines
Izi [izi],6.332,8.104,#D2CD7E,Niger-Kongo,Nigeria
Jacaltec [jac],15.75,-91.75,#B03F64,Mayan,Guatemala
Jahai [jhi],5.9,101.5,#CA8478,Austroasiatic,Malaysia
Jambi Malay [jax],-1.75,103,#F39D82,Austronesian,Indonesia
Jaminjung [djd],-15.083,130.5,#4C53B8,Mirndi,Australia
Jamul Tiipay [dih-2],32.17,-116.5,#7D45A8,Yuman-Cochimi,USA
Japanese [jpn],37,140,#47996D,Japonic,Japan
Jaqaru [jqr],-12.85,-76,#346272,Aymaran,Peru
Javanese [jav],-7.5,110.667,#EBA776,Austronesian,Indonesia
Jebero [jeb],-5.2,-76.4,#6F418B,Cahuapanan,Peru
Jero [jee],27.2,86.25,#2885AC,Tibeto-Burman,Nepal
Jiaomuzu [qxs-2],32,102.03,#598C89,Tibeto-Burman,China
Jibbali [shv],17.2,54.9,#866012,Afro-Asiatic,Oman
Jingpho [kac],28,98,#94E996,Tibeto-Burman,Myanmar
Jirel [jul],27.65,86.23,#1DA28F,Tibeto-Burman,Nepal
Jivaro [jiv],-3,-78.25,#397568,Jivaroan,Ecuador
Jomang [tlo],10.58,30.5,#B5799E,Kordofanian,Sudan
Jru [lbo],15.333,106.333,#F1CB9C,Austroasiatic,Laos
Ju|'hoan [ktz],-19,21,#D1A97A,Kx'aa,Namibia
Juang [jun],21.167,85.833,#426685,Austroasiatic,India
Juba_Arabic [apd-2],4.85,31.6,#CFBC75,Afro-Asiatic,Sudan
Kabardian [kbd],43.52,43.63,#323789,North-west Caucasus,Russia
Kabyle [kab],36.5,5,#984029,Afro-Asiatic,Algeria
Kadazan [kzj],5.917,117.167,#C08B76,Austronesian,Malaysia
Kaera [xxx-111],-8.38,124.21,#A676B3,Timor-Alor-Pantar,Indonesia
Kagoshima [jpn-5],31.6,130.55,#3DA183,Japonic,Japan
Kaike [kzq],28.9,83.17,#27AEAC,Tibeto-Burman,Nepal
Kairiru [kxa],-3.417,143.583,#B863AA,Austronesian,Papua New Guinea
Kakua [cbv],1.08,-70,#264BA5,Nadahup,Brazil
Kala Lagaw Ya [mwp],-10.12,142.12,#4ACC95,Pama-Nyungan,Australia
Kalam [kmh],-5.25,144.583,#61749E,Trans New Guinea,Papua New Guinea
Kalami [gwc],35.48,72.59,#30A445,Indo-European,Pakistan
Kalasha [kls],35.73,71.75,#27904E,Indo-European,Pakistan
Kalkatungu [ktg],-21,139.5,#486CB3,Pama-Nyungan,Australia
Kalkoti [xka],21.91,78.72,#23A853,Indo-European,Pakistan
Kalmyk [xal],45,47,#3A9163,Mongolic,Russia
Kamang [woi],-8.25,124.833,#AB62BB,Timor-Alor-Pantar,Indonesia
Kamba [kam],-2,38,#C2585F,Niger-Kongo,Kenya
Kambera [xbr],-9.833,120.5,#E67A9C,Austronesian,Indonesia
Kambran [bed],-2.78,132.7,#B89098,Austronesian,Indonesia
Kamoro [kgq],-4.333,136,#5433C3,Trans New Guinea,Indonesia
Kanakuru [kna],10,12,#A27D59,Afro-Asiatic,Nigeria
Kanashi [xns],32,77.55,#3AB165,Tibeto-Burman,India
Kangri [xnr],31.5,77,#199549,Indo-European,India
Kannada [kan],14,76,#258E54,Dravidian,India
Kanoê [kxo],-12.5,-62.25,#5840A1,Kanoê,Brazil
Kanum [kcd],-8.583,140.75,#476178,South New Guinea,Indonesia
Kanuri [knc],11.25,14.25,#6F6571,Nilo-Saharan,Cameroon
Kapampangan [pam],15.333,120.5,#BE5B77,Austronesian,Philippines
Kapau [hmt],-7.667,146.167,#643A92,Trans New Guinea,Papua New Guinea
Karachay-Balkar [krc],44,42,#21954E,Turkic,Russia
Karaim [kdr],54.63,24.93,#599026,Turkic,Lithuania
Karajarri [gbd],-18.5,122.5,#4FAAB4,Pama-Nyungan,Australia
Karakalpak [kaa],43,60,#1E8E55,Turkic,Uzbekistan
Karas Laut [kgv],-3.6,132.667,#576D8A,Trans New Guinea,Indonesia
Karbi [mjw],26.2,93.5,#5296BD,Tibeto-Burman,India
Karen [bwe],17,98,#E2D494,Tibeto-Burman,Myanmar
Karen_Geba [kvq],19.02,96.58,#DEC57B,Tibeto-Burman,Myanmar
Karen_Pho [pwo],14.333,98.3,#D5E18D,Tibeto-Burman,Myanmar
Karen_Pho_Kyonbyaw [pwo-3],17.6,95.2,#E9C18A,Tibeto-Burman,Myanmar
Karen_Sgaw [ksw],17,94.833,#DDD384,Tibeto-Burman,Myanmar
Karo_Batak [btx],3,98.167,#CE7A6A,Austronesian,Indonesia
Karok [kyh],41.67,-123,#633893,Karok,USA
Kashmiri [kas],34,76,#228739,Indo-European,India
Kate [kmg],-6.5,147.833,#5E52B2,Trans New Guinea,Papua New Guinea
Katu [ktv],15.833,107.583,#D4D17C,Austroasiatic,Vietnam
Kaugel [ubu],-5.95,144.167,#4E62AB,Trans New Guinea,Papua New Guinea
Kaulong [pss],-6.25,150.5,#BF779C,Austronesian,Papua New Guinea
Kaure [bpp],-3.333,139.333,#414DA7,Trans New Guinea,Indonesia
Kawaiisu [xaw],36,-117.5,#664A6C,Uto-Aztecan,USA
Kayah_Li [eky],19,98,#B9C590,Tibeto-Burman,Myanmar
Kayardild [gyd],-17.05,139.5,#4A8CA3,Tangkic,Australia
Kazakh [kaz],50,70,#1C875F,Turkic,Kazakhstan
Kedang [ksx],-8.25,123.75,#CC819B,Austronesian,Indonesia
Kei [kei],-5.67,133.08,#C99195,Austronesian,Indonesia
Kéo [xxk],-8.83,121.25,#EDC07C,Austronesian,Indonesia
Kera [ker],9.83,15.08,#B8966F,Afro-Asiatic,Chad
Keraq [unr-2],24,85.2,#3A8086,Austroasiatic,India
Kerinci [kvr],-2.15,101.5,#BAAB71,Austronesian,Indonesia
Kesui [wah],-4.5,131.667,#CE69A4,Austronesian,Indonesia
Ket [ket],64,87,#776E5D,Dene-Yeniseic,Russia
Keuw [khh],-3.2,136.2,#9CB1C2,Keuw,Indonesia
Kewa [kew],-6.333,143.75,#508098,Trans New Guinea,Papua New Guinea
Khakas [kjh],53,90,#1D8B63,Turkic,Russia
Khalaj [klj],35,50,#3C8C4F,Turkic,Iran
Khaling [klr],27.6,86.7,#4385A2,Tibeto-Burman,Nepal
Khalkha [khk],47,105,#29A668,Mongolic,Mongolia
Kham [kgj],28.5,82.75,#2B8890,Tibeto-Burman,Nepal
Khanty [kca],65,65,#5E8674,Uralic,Russia
Kharia [khr],22.5,83.5,#40847E,Austroasiatic,India
Khasi [kha],26,92,#AEBB53,Austroasiatic,India
Khengkha [xkf],27.28,90.75,#41CCB4,Tibeto-Burman,Bhutan
Khmer [khm],12,105,#E9D996,Austroasiatic,Cambodia
Khmu [kjg],19,100.75,#DBD677,Austroasiatic,Thailand
Khowar [khw],36.5,72.5,#1C9252,Indo-European,Pakistan
Kija [gia],-17.5,127.75,#474AC6,Jarrakan,Australia
Kilivila [kij],-8.5,151,#D64F91,Austronesian,Papua New Guinea
Kiluba [lub],-8.5,26,#CD575A,Niger-Kongo,Democratic Republic of the Congo
Kimaama [kig],-8,139.583,#9881AC,Kolopom,Indonesia
Kinnauri [kfk],31.5,78.25,#3C996D,Tibeto-Burman,India
KinyaRwanda [kin],-2,30,#C0524B,Niger-Kongo,Rwanda
Kiowa [kio],37,-99,#723F8D,Kiowa-Tanoan,USA
Kirghiz [kir],42,75,#18825A,Turkic,Kyrgystan
Kiribati [gil],1.333,173,#E26B71,Austronesian,Kiribati
Kisi [kss],8.83,-10.17,#BF7776,Niger-Kongo,Guinea
Kitanemuk [xxx-43],34.5,-117.5,#65557C,Uto-Aztecan,USA
Klamath [kla],42.5,-121.5,#606C55,Oregon Penutian,USA
Klon [kyo],-8.417,124.417,#B87ABE,Timor-Alor-Pantar,Indonesia
Koasati [cku],34.83,-85.17,#613CA0,Muskogean,USA
Kobon [kpw],-5.167,144.417,#76739F,Trans New Guinea,Papua New Guinea
Kodagu [kfa],13.08,76.42,#229B5C,Dravidian,India
Koiwai [kwh],-4,134,#BA5995,Austronesian,Indonesia
Kokborok [trp],24.33,92.5,#2D94A6,Tibeto-Burman,India
Kokota [kkk],-8,159.25,#B77060,Austronesian,Solomons
Kola [kvv],-5.42,134.5,#D56790,Austronesian,Indonesia
Kolami [kfb],20,78.5,#1BAA4C,Dravidian,India
Kolana [kvw],-8.3,125.133,#A061B4,Timor-Alor-Pantar,Indonesia
Kolokuma [ijc],4.92,5.67,#4B7393,Niger-Kongo,Nigeria
Komo [xom],9,33.75,#BC7461,Nilo-Saharan,Democratic Republic of the Congo
Komodo [knh],-8.5,119.5,#E99980,Austronesian,Indonesia
Kongo [kng],-5,15,#D55B53,Niger-Kongo,Democratic Republic of the Congo
Konjo [kjc],-5.333,119.833,#D3697E,Austronesian,Indonesia
Konkani [knn],15.25,74.4,#23AF3E,Indo-European,India
Konso [kxc],5.4,37.5,#797365,Afro-Asiatic,Ethiopia
Korana [kqz],-26,22,#647267,Khoe,Botswana
Korean [kor],37,128,#45B26B,Korean,Korea
Korku [kfq],25,78.5,#3F926A,Austroasiatic,India
Koro [hru-2],27.25,92.8,#4B9F94,Tibeto-Burman,India
Koromfe [kfz],14.25,-0.92,#B4765F,Niger-Kongo,Burkina Faso
Korowai [khe],-5.417,140.25,#496C8B,Trans New Guinea,Indonesia
Kosraean [kos],5.3,163,#D38D73,Austronesian,USA Federated States of Micronesia
Koya [kff],17.5,81.333,#1CA04B,Dravidian,India
Koyi [kkt],27.4,86.9,#3172A8,Tibeto-Burman,Nepal
Koyra Chiini [khq],16.75,3.5,#B98D77,Nilo-Saharan,Mali
Kpelle [xpe],7,-10,#9C7665,Mande,Liberia
Krongo [kgo],10.5,30,#B07982,Kordofanian,Sudan
Ku Waru [xxx-14],-6,144.15,#4D69AE,Trans New Guinea,Papua New Guinea
Kuanua [ksd],-4.4,152.167,#C37E78,Austronesian,Papua New Guinea
Kui [kvd],-8.583,124.75,#A561BC,Timor-Alor-Pantar,Indonesia
Kui [kxu],20,83.5,#2BAA5A,Dravidian,India
Kukatj [xxx-38],-17.95,140.8,#5386A6,Pama-Nyungan,Australia
Kuke [ght],28.531,84.846,#3D949A,Tibeto-Burman,Nepal
Kuku Nganhcara [wua],-14.8,141.9,#6FA2B3,Pama-Nyungan,Australia
Kuku Yalanji [gvn],-16,145,#59B499,Pama-Nyungan,Australia
Kuman [kue],-5.917,144.917,#545FA3,Trans New Guinea,Papua New Guinea
Kumauni [kfy],30,80,#1AA73D,Indo-European,India
Kumzari [zum],26,56.3,#9C6A61,Indo-European,Oman
Kunama [kun],14.5,37,#726D8F,Nilo-Saharan,Eritrea
Kundal_Shahi [shd],34.55,73.84,#159B43,Indo-European,Pakistan
Kunjen [kjn],-16.5,142,#5CBBB2,Pama-Nyungan,Australia
Kuot [kto],-3.083,151.5,#B34772,Kuot,Papua New Guinea
Kupang Malay [mkn],-10.18,123.58,#DCB585,Austronesian,Indonesia
Kurdish [kmr],36,44,#6B5F33,Indo-European,Iraq
Kurtöp [xkz],27.83,91,#33CFA4,Tibeto-Burman,Bhutan
Kurux [kxl],26.5,87.35,#2C7B75,Dravidian,Nepal
Kusunda [kgg],28.33,83.1,#618D8B,Kusunda,Nepal
Kutenai [kut],49.5,-116,#A52D53,Kutenai,Canada
Kuuk Thaayorre [thd],-14,142.25,#6B9DB4,Pama-Nyungan,Australia
Kuuku-Ya'u [kuy],-12.583,143.083,#60A3B9,Pama-Nyungan,Australia
Kuvi [kxv],18.75,82.667,#25AE62,Dravidian,India
Kwaio [kwd],-8.917,161.083,#CB5A8A,Austronesian,Solomons
Kwangari [kwn],-18.5,20,#C8524F,Niger-Kongo,Namibia
Kwaza [xwa],-12,-60.5,#6B559B,Kwaza,Brazil
Kwerba [kwe],-2.167,138.5,#5352A1,Kwerba,Indonesia
Kwini [gww],-14.333,126.75,#794DB0,Wororan,Australia
Kyirong_Tibetan [bod-3],28.4,85.2,#2BB39E,Tibeto-Burman,China
Laal [gdm],10,17.67,#AD7960,Laal,Chad
Lachi [lbt],23.123,104.703,#E0D97A,Tai-Kadai,China
Ladakhi [lbj],34,78,#28A29D,Tibeto-Burman,India
Laguna [kjq],35.25,-107.33,#78568C,Keresan,USA
Lahu [lhu],20.75,100.75,#98B6B0,Tibeto-Burman,Myanmar
Lak [lbe],42.17,47.11,#4B805D,Nakh-Daghestanian,Russia
Lakhota [lkt],45,-102,#A8638C,Siouan,USA
Lakkia [lbc],24.08,110.17,#D5DB7F,Tai-Kadai,China
Lamaholot [slp],-8.25,123,#BA9C93,Austronesian,Indonesia
Lamani [lmn],18,77,#33AF49,Indo-European,India
Lamba [lam],9.8,10.5,#BA6A65,Niger-Kongo,Zambia
Lamjung Yohlmo [scp-2],28.33,84.42,#2FC2AD,Tibeto-Burman,Nepal
Lampung [ljp],-5,105,#E9A27A,Austronesian,Indonesia
Lango [laj],2,33,#C75C76,Nilo-Saharan,Uganda
Lani [dnw],-3.75,138.2,#5535CB,Trans New Guinea,Indonesia
Lao [lao],19,103,#DCDE7F,Tai-Kadai,Laos
Larantuka Malay [lrt],-8.33,123,#DACC91,Austronesian,Indonesia
Lardil [lbz],-16.5,139.5,#5C9A99,Tangkic,Australia
Larike [alo],-3.783,127.917,#C24DA6,Austronesian,Indonesia
Latvian [lav],56.8,24.1,#58800C,Indo-European,Latvia
Lavukaleve [lvk],-9,159,#7B559B,Solomons East Papuan,Solomons
Lele [lln],9.08,15.58,#AE747C,Afro-Asiatic,Chad
Lelepa [lpa],-17.64,168.18,#C96991,Austronesian,Vanuatu
Lenakel [tnl],-19.583,169.083,#C96A8C,Austronesian,Vanuatu
Lepcha [lep],27,88.2,#60D778,Tibeto-Burman,India
Leti [lti],-8.167,128.167,#CA589A,Austronesian,Indonesia
Lewo [lww],-16.667,168.333,#C454A2,Austronesian,Vanuatu
Lezgian [lez],41.58,47.78,#15935C,Nakh-Daghestanian,Russia
Lhasa_Tibetan [bod],29.65,91.14,#3FB8B0,Tibeto-Burman,China
Lhomi [lhm],27.75,87.4,#4AABA0,Tibeto-Burman,Nepal
Liko [kbo],3.75,30.5,#B44E57,Nilo-Saharan,Sudan
Limbu [lif],27.167,87.75,#387894,Tibeto-Burman,Nepal
Limilngan [lmc],-12.5,131.917,#8742BB,Darwin,Australia
Linda [liy],6,21,#C97D79,Adamawa-Ubangi,Central African Republic
Lingala [lin],1,18.5,#C34F62,Niger-Kongo,Democratic Republic of the Congo
Lisu [lis],19.5,98.75,#7FCA98,Tibeto-Burman,Myanmar
Lithuanian [lit],54.9,23.9,#517526,Indo-European,Lithuania
Logba [lgq],6.9,0.45,#C17161,Niger-Kongo,Ghana
Lokono [arw-2],6.07,-57.6,#6C5988,Arawak,Guyana
Longgu [lgu],-9.75,160.75,#D3756C,Austronesian,Solomons
Loniu [los],-2.1,147.417,#CA76A1,Austronesian,Papua New Guinea
Lote [uvl],-5.6,151.9,#BE7492,Austronesian,Papua New Guinea
Lozi [loz],-15,23,#B85654,Niger-Kongo,Zambia
Lü [khb],22,100.67,#EAE883,Tai-Kadai,China
Luangiua [ojv],-5.417,159.65,#D1AF90,Austronesian,Solomons
LuGanda [lug],0.5,32.17,#C75161,Niger-Kongo,Uganda
Luo [luo],-0.4,34.4,#C25267,Nilo-Saharan,Kenya
Lushootseed [lut],48,-122,#974553,Salish,USA
Luvale [lue],-12,22,#D05068,Niger-Kongo,Angola
Ma'ya [slz],-1.25,130.92,#BD7580,Austronesian,Indonesia
Maanyan [mhy],-2,115,#F4A082,Austronesian,Indonesia
Maasai [mas],-3,36,#9D6177,Nilo-Saharan,Tanzania
Maba [mde],13.75,20.83,#6B647D,Nilo-Saharan,Chad
Macedonian [mkd],41.6,22,#59970C,Indo-European,Macedonia
Macushi [mbc],4.5,-60,#51548A,Cariban,Brazil
Madi [mhi],3.45,31.17,#B18693,Nilo-Saharan,Uganda
Madimadi [xxx-18],-34.5,143.5,#50968E,Pama-Nyungan,Australia
Madurese [mad],-7.25,113.333,#DFBE76,Austronesian,Indonesia
Magahi [mag],25,85,#129948,Indo-European,India
Magar [mgp],28,83,#2EB18B,Tibeto-Burman,Nepal
Mahali [mjx],22.85,87.1,#347857,Austroasiatic,India
MaiBrat [ayz],-1.25,132.667,#D06E87,West Papuan,Indonesia
Maidu [nmu],40,-120.67,#396980,Maiduan,USA
Mairasi [zrs],-3.5,134,#8952A4,Tanah Merah-Mairasi,Indonesia
Maisin [mbq],-9.5,149.167,#7838B7,Austronesian,Papua New Guinea
Maithili [mai],26.5,86,#33A140,Indo-European,India
Majhi [mjz],27.25,86.15,#1D8E5F,Indo-European,Nepal
Mak [mkg],26,107.75,#D6E26E,Tai-Kadai,China
Makah [myh],48.33,-124.67,#8E5A5F,Wakashan,USA
Makasai [mkz],-8.5,126.5,#9BA1A5,Timor-Alor-Pantar,Timor leste
Makassar [mak],-5.417,119.583,#D86D78,Austronesian,Indonesia
Makhuwa-Enehara [vmw],-15,39,#AD5C73,Niger-Kongo,Mozambique
Mako [wpc],4.215,-65.742,#555192,Sáliba-Piaroa,Venezuela
Makua [vmw],-15,38,#B85F55,Niger-Kongo,Mozambique
Malagasy [bhr],-20,47,#C9935D,Austronesian,Madagascar
MalakMalak [mpb],-13.417,130.417,#7868BA,Northern Daly,Australia
Malay [zlm],3.13,101.68,#D8B07C,Austronesian,Malaysia
Malayalam [mal],8.5,77,#26AE51,Dravidian,India
Malgana [vml],-26,115,#3DB1AA,Pama-Nyungan,Australia
Mali [gcc],-4.833,152.25,#914A7F,Baining,Papua New Guinea
Malto [kmj],25,87.333,#1DA655,Dravidian,India
Mam [mvc],15.25,-92,#AC4052,Mayan,Guatemala
Mamainde [wmd],-13.5,-60,#753BAA,Nambikwara,Brazil
Mamanwa [mmn],9.417,125.5,#C6838A,Austronesian,Philippines
Mambai [mgm],-8.75,125.42,#D3A19D,Austronesian,Timor leste
Mambwe [mgr],-9,31,#C75E65,Niger-Kongo,Zambia
Manadonese [xmm],1.5,124.833,#D0B77D,Austronesian,Indonesia
Manam [mva],-4.083,145.083,#B45AA6,Austronesian,Papua New Guinea
Manange [nmm],28.667,84.08,#29CB8D,Tibeto-Burman,Nepal
Manchu [mnc],45,125,#1F8584,Tungusic,China
Mandan [mhq],46,-100,#5731AD,Siouan,USA
Mandarin_Beijing [cmn],40,116.75,#9CCD70,Tibeto-Burman,China
Mandinka [man],13,-15.67,#879278,Mande,Senegal
Mandinka_Gambia [mnk],13,-15,#789287,Mande,Gambia
Manggarai [mqy],-8.667,120.333,#E0AC77,Austronesian,Indonesia
Manggarayi [mpc],-14.667,133.5,#754C90,Gunwinyku,Australia
Maninka [emk],13,-10,#799F7B,Mande,Mali
Manobo_Western Bukidnon [mbb],7.667,124.833,#CC866B,Austronesian,Philippines
Mansi [mns],62,62,#3A826E,Uralic,Russia
Manx [glv],56.2,-4.5,#777938,Indo-European,Britain
Maonan [mmd],25,108.5,#C3DC77,Tai-Kadai,China
Maori [mri],-39,176.5,#B69C88,Austronesian,New Zealand
Mapudungun [arn],-36,-72,#775F85,Araucanian,Chile
Mara [mec],-15.1,135.2,#8A3FB5,Mara-Warndarang-Alawa,Australia
Marathi [mar],18,74.5,#12B233,Indo-European,India
Margany [zmc],-26.5,145,#3DB495,Pama-Nyungan,Australia
Margi [mrt],11,13,#C07F76,Afro-Asiatic,Nigeria
Maricopa [mrc],33.17,-113.17,#6224B4,Yuman-Cochimi,USA
Marind [mrz],-8,140.5,#7A4876,Marind,Indonesia
Marquesan_Ua Pou [mrq],-9.33,-140,#A09668,Austronesian,French Polynesia
Marshallese [mah],12.5,162.5,#CC879C,Austronesian,USA Federated States of Micronesia
Martuthunira [vma],-21,116.5,#609097,Pama-Nyungan,Australia
Matbat [xmt],-2,130.33,#C770B3,Austronesian,Indonesia
Matengo [mgv],-11,34.67,#C2586A,Niger-Kongo,Tanzania
Matngele [zml],-13.833,130.417,#8665B6,East Daly,Australia
Maung [mph],-11.917,133.5,#A45B83,Iwaidjan,Australia
Maxakali [mbl],-18,-40,#8270AF,Macro-Je,Brazil
Mbabaram [vmb],-16.85,144.8,#5BB3AB,Pama-Nyungan,Australia
Mbaham [bdw],-3,132.5,#5256B1,Trans New Guinea,Indonesia
Mehri [gdq],16,52,#7B5C1C,Afro-Asiatic,Yemen
Meitei [mni],24.75,94,#51AC8F,Tibeto-Burman,India
Mekeo [mek],-8.5,146.467,#903FBA,Austronesian,Papua New Guinea
Melanau [mel],4.4,114,#F59286,Austronesian,Malaysia
Memba [tsj-2],29,94.8,#4EC897,Tibeto-Burman,India
Mende [men],8,-11.5,#8F7D89,Mande,Sierra Leone
Menya [mcr],-7.25,146,#653CC0,Trans New Guinea,Papua New Guinea
Meryam Mir [ulk],-9.92,144.08,#51A77D,Eastern Trans Fly,Australia
Meteq [xem],0.7,110.5,#E9996F,Austronesian,Indonesia
Meyah [mej],-1,133.667,#B35D88,East Bird's Head,Indonesia
Mian [mpt],-4.667,141.25,#49609C,Trans New Guinea,Papua New Guinea
Mien [ium-6],24.583,112.267,#D0E77B,Hmong-Mien,China
Mien_Yao [ium],20.833,101.167,#C0D19B,Hmong-Mien,Laos
Miji [sjl],27.54,92.6,#4DBB86,Tibeto-Burman,India
Miju [mxj],28,97,#2D9C97,Tibeto-Burman,India
Milang [xxx-122],28.6,94.5,#3AC390,Tibeto-Burman,India
Mina [gej],6.6,1.5,#E1BE8B,Niger-Kongo,Togo
Minangkabau [min],0,100.167,#E2A285,Austronesian,Indonesia
Miriwung [mep],-15.667,129,#5850A5,Jarrakan,Australia
Mising [mrg],27.5,94.3,#3FB8A8,Tibeto-Burman,India
Miwok [skd],37.5,-120,#5E5770,Miwok,USA
Mixtec [mim],17,-99,#C4665C,Otomanguean,Mexico
Miya [mkf],11,10,#B86445,Afro-Asiatic,Nigeria
Mizo [lus],23.167,92.833,#76C4A1,Tibeto-Burman,India
Mlabri [mra],18.833,101,#C6DF83,Austroasiatic,Thailand
Mnar [pbv-2],25.9,91.58,#A49B64,Austroasiatic,India
Moghol [mhj],35,62,#438856,Mongolic,Afghanistan
Mohave [mov],34.67,-114.58,#5B3DAE,Yuman-Cochimi,USA
Moken [mwt],11,98.5,#F1DB95,Austronesian,Myanmar
Mokilese [mkj],6.667,159.75,#D78A91,Austronesian,USA Federated States of Micronesia
Momu [fqs],-3.167,141.667,#576196,Kwomtari,Papua New Guinea
Mon [mnw],15,100,#E5E892,Austroasiatic,Thailand
Mongguor [mjg],36,102,#349867,Mongolic,China
Mongolian [mon],50,105,#278C71,Mongolic,Mongolia
Moni [mnz],-3.583,136.833,#2F4093,Trans New Guinea,Indonesia
Mono [mnr],38,-119,#5B577D,Uto-Aztecan,USA
Montagnais [moe],52,-65,#87308A,Algic,Canada
Mor [mhz],-2.917,135.75,#BA5E85,Austronesian,Indonesia
Mor [moq],-2.833,132.75,#9646A5,Mor,Indonesia
Motu [meu],-9.5,147.25,#9B6486,Austronesian,Papua New Guinea
Motuna [siw],-6.617,155.417,#4D53BC,East Bougainville,Papua New Guinea
Mpur [akc],-0.833,133,#D48485,West Papuan,Indonesia
Mru [mro-2],21.45,92.5,#92C29E,Tibeto-Burman,Bangladesh
Muak Sa-aak [ukk],21.183,100.367,#F5CB91,Austroasiatic,Myanmar
Mualang [mtd],0.8,111,#E3AD89,Austronesian,Indonesia
Mudukumo [bwm],-4.367,143.867,#41A291,Yuat,Papua New Guinea
Muk-Thang [xxx-95],-37.75,149,#6474A3,Pama-Nyungan,Australia
Mulao [mlm],24.25,109,#D7E87B,Tai-Kadai,China
Muna [mnb-2],-5,122.417,#E26775,Austronesian,Indonesia
Mundang [mua],10.1,14.45,#C78566,Adamawa-Ubangi,Chad
Mundari [unr],24,86.167,#607273,Austroasiatic,India
Murinbata [mwf],-14.667,129.667,#8253A6,Southern Daly,Australia
Murle [mur],6,33.75,#9B6E64,Nilo-Saharan,Sudan
Muruwari [zmu],-29,146.75,#4D8898,Pama-Nyungan,Australia
Mussau [emi],-1.5,149.667,#C7617F,Austronesian,Papua New Guinea
Mustang [loy],29.18,83.96,#30C6A8,Tibeto-Burman,Nepal
Mutsun [css-2],36.83,-121.5,#735067,Yok-Utian,USA
Mwani [wmw],-12.15,40.57,#BF555F,Niger-Kongo,Mozambique
Mwera [mwe],-10,39,#BC5C6A,Niger-Kongo,Tanzania
Mwotlap [mlv],-13.7,167.63,#C971A5,Austronesian,Vanuatu
Na [nbf-2],27.2,101,#73B195,Tibeto-Burman,China
Nahali [nlx],24,77.5,#3FB677,Nahali,India
Nahavaq [sns],-16.53,167.123,#D25C84,Austronesian,Vanuatu
Nakanai [nak],-5.5,150.833,#E0707F,Austronesian,Papua New Guinea
Nakkara [nck],-12.117,134.417,#833AAA,Maningrida,Australia
Nama [naq],-23.5,22,#6D745B,Khoe,Botswana
Namakir [nmk],-17,168.583,#D77692,Austronesian,Vanuatu
Nanchang [gan],28.7,115.9,#9CD371,Tibeto-Burman,China
Nancowry [ncb],8,93.5,#B2AD70,Austroasiatic,India
Nandi [kln],0.25,35,#9A4174,Nilo-Saharan,Kenya
Nar_Phu [npa],28.68,84.2,#39BEAC,Tibeto-Burman,Nepal
Nasioi [nas],-6.333,155.583,#204899,East Bougainville,Papua New Guinea
Navajo [nav],36.17,-108,#8A3172,Dene-Yeniseic,USA
Ndebele [nbl],-20,28.5,#B56949,Niger-Kongo,Zimbabwe
Ndjébbana [djj],-12.167,134.117,#7446BA,Maningrida,Australia
Ndonga [ndo],-18,17,#C05254,Niger-Kongo,Namibia
Nen [nqn],-8.6,142.1,#625D80,South New Guinea,Papua New Guinea
Nenets [yrk],70,76,#3C8367,Uralic,Russia
Neo-Aramaic [trg],36.2,43.75,#7B632F,Afro-Asiatic,Iraq
Nepali [nep],28.72,82,#15AD42,Indo-European,Nepal
Nepali_hill [nep-2],28,84.33,#2ACD70,Indo-European,Nepal
Nevome [ood-2],19,-98.25,#6C4988,Uto-Aztecan,Mexico
Newar_Kathmandu [new],27.5,85.333,#359B8C,Tibeto-Burman,Nepal
Newari_Dolakha [new-2],27.58,86.667,#33B991,Tibeto-Burman,Nepal
Nez Perce [nez],46,-117,#66415B,Sahaptian,USA
Ngaanyatjarra [ntj],-27.5,126,#4474C1,Pama-Nyungan,Australia
Ngadha [nxg],-8.833,121,#DAB67C,Austronesian,Indonesia
Ngadjunmaya [nju],-32,123.5,#529BC8,Pama-Nyungan,Australia
Ngalakgan [nig],-14.5,134.833,#7A45B4,Gunwinyku,Australia
Nganasan [nio],71,93,#48697D,Uralic,Russia
Ngandi [nid],-13.5,135,#5739AF,Gunwinyku,Australia
Ngankikurungkurr [nam-2],-14,130.5,#7059A2,Southern Daly,Australia
Ngarinyeri [nay],-35.6,139.1,#3275A5,Pama-Nyungan,Australia
Ngarinyin [ung],-16.25,126.5,#9B6EB5,Wororan,Australia
Ngarla [nlr],-20.33,119.5,#519CB8,Pama-Nyungan,Australia
Ngawun [nxn],-19.5,141.5,#4EAD8D,Pama-Nyungan,Australia
Ngbaka [nga],4.25,21.17,#C29481,Adamawa-Ubangi,Democratic Republic of the Congo
Ngiti [niy],1.33,30.25,#8A5B6F,Nilo-Saharan,Democratic Republic of the Congo
Ngiyambaa [wyb],-31.75,145.5,#50859B,Pama-Nyungan,Australia
Nguna [llp],-17.5,168.333,#C95B92,Austronesian,Vanuatu
Ngwe [nwe ],5.488,9.856,#B97B60,Niger-Kongo,Cameroon
Nhanda [nha],-27.5,114.75,#599DA1,Pama-Nyungan,Australia
Nias [nia],1,97.5,#CE7368,Austronesian,Indonesia
Nimboran [nir],-3.083,140.167,#625BC9,Trans New Guinea,Indonesia
Nisenan [nsz],39.33,-120.83,#42858B,Maiduan,USA
Nisgha [ncg],55,-130,#AD4E76,Tsimshian,Canada
Nishi [dap],27.7,94.2,#568E9C,Tibeto-Burman,India
Niue [niu],-19,-169.5,#CF957B,Austronesian,Niue
Nivkh [niv],53.333,142,#5982A2,Chukotko-Kamchatkan,Russia
Nkore-Kiga [cgg],-0.92,29.83,#D26C53,Niger-Kongo,Uganda
Nobiin [fia],21,31,#305293,Nilo-Saharan,Sudan
Nonthaburi Malay [xxx-20],13.92,100.4,#ECD392,Austronesian,Thailand
Norwegian [nob],62,8,#71AE18,Indo-European,Norway
Nuaulu [nxl],-3.25,129.083,#B55C8C,Austronesian,Indonesia
Nubi [kcn],0.6,32.55,#B29157,Afro-Asiatic,Uganda
Nubian [kzh],12.5,31,#426877,Nilo-Saharan,Sudan
Nubri [kte],28.64,84.61,#3DB6A4,Tibeto-Burman,Nepal
Nubri_lower [kte-2],28.53,84.79,#389F9C,Tibeto-Burman,Nepal
Nung [nut],21.917,106.5,#DACA8D,Tai-Kadai,Vietnam
Nunggubuyu [nuy],-13.75,135.667,#8057A9,Gunwinyku,Australia
Nyaheun [nev],15,107,#E0DDAA,Austroasiatic,Laos
Nyahkur [cbn],15.67,101.67,#E1E399,Austroasiatic,Thailand
Nyangumarta [nna],-20,121,#537CA5,Pama-Nyungan,Australia
Nyawaygi [nyt],-19,145.9,#5893BA,Pama-Nyungan,Australia
Nyoro [nyo],1.5,31,#BD5346,Niger-Kongo,Uganda
Nyulnyul [nyv],-17,123,#86588E,Nyulnyul,Australia
Nyungar [nys],-33.75,116,#4AB8B2,Pama-Nyungan,Australia
Nzadi [xxx-48],-4.05,19.65,#B26854,Niger-Kongo,Democratic Republic of the Congo
O'odham [ood],32,-112,#875170,Uto-Aztecan,USA
Obokwi [afz],-2.767,138,#8BB1A8,Lakes Plains,Indonesia
Ogami [mvi],24.9,125.3,#319A8D,Japonic,Japan
Oirata [oia],-8.083,127.167,#8E93BB,Timor-Alor-Pantar,Indonesia
Ojibwe [ojg],49,-92.5,#951D5E,Algic,Canada
Olekha [ole],27.2,90,#2AC07F,Tibeto-Burman,Bhutan
Olo [ong],-3.25,142.167,#B9749E,Torricelli,Papua New Guinea
Omaha [oma],42,-97.25,#9D479F,Siouan,USA
One [aun],-3.417,141.833,#857684,Torricelli,Papua New Guinea
Oneida [one],43,-75.67,#A12D75,Iroquoian,USA
Ong Be [onb],19.8,110,#EBE78B,Tai-Kadai,China
Onge [oon],10.75,92.5,#5046A4,Andaman,India
Onin [oni],-2.833,132.083,#C382AA,Austronesian,Indonesia
Oraon [kru],25.75,88.75,#2D766B,Dravidian,Bangladesh
Ordos [mvf],39,109,#2D8955,Mongolic,China
Oriya [ori],21,85,#21B442,Indo-European,India
Ormuri_Khaniguram [oru-2],32.52,70,#43892B,Indo-European,Afghanistan
Ormuri_Logar [oru],33.25,69.5,#468331,Indo-European,Pakistan
Oromo [hae],9,37,#757662,Afro-Asiatic,Ethiopia
Osage [osa],37,-94,#715094,Siouan,USA
Ossetian [oss],42.24,44,#3A753E,Indo-European,Georgia
Ostyak [kca-2],61,75,#468E66,Uralic,Russia
Otomi [otm],21,-99.5,#B65247,Otomanguean,Mexico
P'urhépecha [tsz],19,-102,#626969,P'urhépecha,Mexico
Paamese [pma],-16.5,168.333,#BD508B,Austronesian,Vanuatu
Pacoh [pac],16.42,107.08,#D4CF6D,Austroasiatic,Vietnam
Paez [pbb],3,-76,#296B7A,Paez,Colombia
Pagu [pgu],1.1,127.7,#BA5EBF,West Papuan,Indonesia
Paiute_Northern [pao],40.75,-118,#52559A,Uto-Aztecan,USA
Paiwan [pwn],22.333,120.833,#AE7474,Austronesian,Taiwan
Palauan [pau],7.167,134.5,#BE6C76,Austronesian,Palau
Palaung [plw],22.667,96.4,#D8D180,Austroasiatic,Myanmar
Palawan [plc],9.5,118.5,#C97796,Austronesian,Philippines
Palue [ple],-8.333,121.75,#D0AB73,Austronesian,Indonesia
Palula [phl],35.4,71.75,#1FA036,Indo-European,Pakistan
Panare [pbh],6.733122,-66.048767,#593CAC,Cariban,Venezuela
Pangasinan [pag],15.917,120.333,#BA6A7A,Austronesian,Philippines
Panyjima [pnw],-22.833,118,#3E889B,Pama-Nyungan,Australia
Pare [asa],-4,36.5,#D05A58,Niger-Kongo,Tanzania
Pashto [pst],35,65,#4A7B38,Indo-European,Afghanistan
Passamaquoddy-Maliseet [pqm],45,-67,#912A6D,Algic,USA
Pattani [lae],32.6,77.2,#2FB771,Tibeto-Burman,India
Paulohi [plh],-3.3,128.8,#D655A8,Austronesian,Indonesia
Paumarí [pad],-7,-64.5,#7D467D,Arawá,Brazil
Pawaian [pwa],-7,145.25,#4F799D,Trans New Guinea,Papua New Guinea
Pech [pay],15,-85.5,#51577E,Chibchan,Honduras
Pendau [ums],0,119.83,#C77988,Austronesian,Indonesia
Pima Bajo [pia],29,-111,#596F67,Uto-Aztecan,Mexico
Pingjiang [gan-6],28.76,113.67,#A6D67F,Tibeto-Burman,China
Pipil [ppl],13.85,-89.55,#993251,Uto-Aztecan,El Salvador
Pirahã [myp],-7.33,-62,#8769A7,Mura,Brazil
Pitjantjatjara [pjt],-26.833,130,#456FC6,Pama-Nyungan,Australia
Pitta-Pitta [pit],-23.5,121,#4A789E,Pama-Nyungan,Australia
Pitu Ulunna Salu [ptu],-3.083,119.083,#CD6485,Austronesian,Indonesia
Plang [blr-2],23.4,100.1,#E3D387,Austroasiatic,China
Pnar [pbv],25,92.5,#B5A456,Austroasiatic,India
Polish [pol],52,20,#5A880E,Indo-European,Poland
Pomo_Eastern [peb],39,-122.67,#3C919D,Pomoan,USA
Pomo_Southeastern [pom],38.83,-122.5,#2D8783,Pomoan,USA
Ponapean [pon],6.883,158.25,#C7818A,Austronesian,USA Federated States of Micronesia
Portuguese [por],39,-8,#87920F,Indo-European,Portugal
Pulaar [fuc],15.6,-15.2,#B55668,Niger-Kongo,Senegal
Puluwat [puw],7.333,149.333,#C59283,Austronesian,USA Federated States of Micronesia
Pumi [pmi],28,101,#57B4AA,Tibeto-Burman,China
Punjabi [pan],31,75,#2CB72E,Indo-European,India
Purik [prx],34.55,76.15,#1CB59C,Tibeto-Burman,India
Puroik [suv],28,93,#5CC7A2,Tibeto-Burman,India
Puxi [jih],32.25,101.95,#66A288,Tibeto-Burman,China
Puyuma [pyu],22.833,121.083,#BD7782,Austronesian,Taiwan
Qiandong_Hmong [hmq],26.67,108.32,#D9DA82,Hmong-Mien,China
Qiang [qxs],32,103.5,#429098,Tibeto-Burman,China
Quechan [yum],32.83,-114.33,#5241B6,Yuman-Cochimi,USA
Quechua_Cusco  [quz],-13.5,-72,#257578,Quechuan,Peru
Quechua_Huallaga [qvh],-6,-76,#375C6F,Quechuan,Peru
Quechua_Imbabura [qvi],0.33,-78.33,#347756,Quechuan,Ecuador
Quechua_Yauyos [qvi-2],-12.62,-75.7,#336A7B,Quechuan,Peru
Quileute [qui],47.925,-124.25,#88494C,Chimakuan,USA
Rabha [rah],26.1,90.25,#33AD7F,Tibeto-Burman,India
Rajasthani [raj],26.57,73.83,#26AE33,Indo-European,India
Rajbangshi [rkt],26.5,88.5,#169B49,Indo-European,India
Raji [rji],29,81.15,#438FA3,Tibeto-Burman,Nepal
Rama [rma],11.5,-83.9,#6D869A,Chibchan,Nicaragua
Rana_Tharu [thr],28.68,80.6,#349157,Indo-European,Nepal
Rapa_Nui [rap],-27.333,-110,#C29A81,Austronesian,Chile
Ratahan [rth-2],1.08,124.83,#D07B81,Austronesian,Indonesia
Raute [rau],28.6,81.5,#2B8F7A,Tibeto-Burman,Nepal
Rawang [raw],27.5,97.5,#7CD796,Tibeto-Burman,Myanmar
Remo [bfw],18.333,82.333,#25867E,Austroasiatic,India
Rennellese [mnv],-11.85,160.33,#B18B6F,Austronesian,Solomons
Rgyalthang [khg-7],27.833,99.7,#30B799,Tibeto-Burman,China
Riff [rif],34,-3.75,#B34E38,Afro-Asiatic,Morocco
Ritharngu [rit],-12.833,135.5,#426BB0,Pama-Nyungan,Australia
Rohingya [rhg],20.82,92.37,#25A13E,Indo-European,Myanmar
Roma [rmm],-7.2,128.583,#BE6A8A,Austronesian,Indonesia
Romanian [ron],45,27,#708308,Indo-European,Romania
Romansh [roh],46.8,9.4,#769C11,Indo-European,Switzerland
Ronga [rng],-26,32.5,#AC6443,Niger-Kongo,Mozambique
Rongpo [rnp],30.9167,79.5,#1ABE70,Tibeto-Burman,India
Roro [rro],-8.75,146.58,#A54AC2,Austronesian,Papua New Guinea
Rote [twu],-10.75,123.25,#CF5B81,Austronesian,Indonesia
Rotokas [roo],-6,155.17,#7C5A8D,West Bougainville,Papua New Guinea
Rotuman [rtm],-12.333,177,#DC6779,Austronesian,Fiji
Rukai [dru],22.833,120.833,#AF6988,Austronesian,Taiwan
Runyankore [nyn],-0.5,30.5,#C86260,Niger-Kongo,Uganda
Russian [rus],55,38,#628B01,Indo-European,Russia
Saa [apb],-9.5,161.583,#D8618B,Austronesian,Solomons
Sabanê [sae],-12,-60,#7554B5,Nambikwara,Brazil
Sadu [xxx-63],24.35,102.525,#87DA8F,Tibeto-Burman,China
Sahu [saj],1,127.417,#CC748E,West Papuan,Indonesia
Saliba [sbe],-10.667,150.75,#A0649B,Austronesian,Papua New Guinea
Salinan [sln],36,-121,#9A387B,Salinan,USA
SaltYui [sll],-6.283,145,#6570AB,Trans New Guinea,Papua New Guinea
Sami [sme],70,28,#459B48,Uralic,Finland
Samoan [smo],-14,-172.667,#BA999E,Austronesian,Samoa
Sandawe [sad],-5,35,#6F6684,Khoe,Tanzania
Sangir [sxn],3.58,125.75,#BA8390,Austronesian,Indonesia
Sango [sag],5,18,#CFAD6C,Adamawa-Ubangi,Central African Republic
Santa [sce],35.65,103.4,#3FAF73,Mongolic,China
Santali [sat],24.5,87,#347857,Austroasiatic,India
Sanuma [xsu],4,-64,#7499A7,Yanomami,Venezuela
Saptariya Tharu [thq],26.6,86.7,#31A659,Indo-European,Nepal
Sapuan [spu],15.333,106.833,#D3EB6F,Austroasiatic,Laos
Sarcee [srs],52.5,-116,#71447A,Dene-Yeniseic,Canada
Sardinian [sro],40,9,#749510,Indo-European,Italy
Sartang [onp],27.33,92.27,#32B1AC,Kho-Bwa,India
Sasak [sas],-8.67,116.5,#E19074,Austronesian,Indonesia
Sauria Paharia [mjt],24.3,88.9,#1DA656,Dravidian,Bangladesh
Savosavo [svs],-9.167,159.833,#817985,Solomons East Papuan,Solomons
Sawu [hvn],-10.5,122,#C48077,Austronesian,Indonesia
Scots English [sco],56,-3.25,#7B9703,Indo-European,Britain
Scots Gaelic [gla],57,-5,#7B6E2A,Indo-European,Britain
Sedang [sed],14.667,108,#E4DC88,Austroasiatic,Vietnam
Seediq [trv],24.167,121.417,#A7728B,Austronesian,Taiwan
Sekar [skz],-2.7,132.43,#B378A0,Austronesian,Indonesia
Seke [skj],29,83.91,#3ACCB0,Tibeto-Burman,Nepal
Selaru [slu],-8.25,130.917,#D55286,Austronesian,Indonesia
Selknam [ona],-54.45,-67.15,#806373,Chonan,Argentina
Selkup [sel],65,82,#2E7173,Uralic,Russia
Semelai [sza],3,102.5,#B79E6B,Austroasiatic,Malaysia
Sentani [set],-2.583,140.633,#614E9F,Trans New Guinea,Indonesia
Serbian [srp],45,20,#578D0B,Indo-European,Serbia
Seri [sei],29,-112.5,#831C9E,Seri,Mexico
Serrano [ser],34.33,-117,#487388,Uto-Aztecan,USA
Sesotho [sot],-28,27,#BC5C52,Niger-Kongo,South Africa
Shan [shn],22,98,#C6E27B,Tai-Kadai,Myanmar
Shanghai [wuu],31,121,#9CED55,Tibeto-Burman,China
Shasta [sht],41.83,-122.67,#8724A1,Shasta,USA
Shawnee [sjw],40,-83,#4F2398,Algic,USA
She [shx],23.04,114.93,#BADC85,Hmong-Mien,China
Sheko [she],7,35.5,#3C7F67,Afro-Asiatic,Ethiopia
Sherdukpen [sdp],27.2,92.4,#3AB899,Kho-Bwa,India
Sherpa [xsr],27.833,86.833,#4DD197,Tibeto-Burman,Nepal
Sherpa_Hile [xsr-2],27.675,86.71,#2ABCA7,Tibeto-Burman,Nepal
Shigatse [bod-6],29.26,88.88,#2AC39D,Tibeto-Burman,China
Shina [scl],36,74,#1FA042,Indo-European,Pakistan
Shipibo [shp],-7,-75,#3F7F95,Panoan,Peru
Shona [sna],-18,31,#C06249,Niger-Kongo,Zimbabwe
Shoshone [shh],41,-115.5,#406A99,Uto-Aztecan,USA
Shuswap [shs],52,-120,#834269,Salish,Canada
Siane [snp],-6.05,145.25,#4355A3,Trans New Guinea,Papua New Guinea
Siberian Yupik [ess],65,-175,#3D5D9F,Eskimo-Aleut,Russia
Sierra Popoluca [poi],18.23,-94.87,#723A96,Totozoquean-Chitimacha,Mexico
Sika [ski],-8.62,122.22,#CB8790,Austronesian,Indonesia
Sinaugoro [snc],-9.833,147.917,#A550A2,Austronesian,Papua New Guinea
Sindhi [snd],26,69,#219B32,Indo-European,Pakistan
Sinhalese [sin],7,81,#2FB050,Indo-European,Sri Lanka
Siroi [ssd],-5.5,146,#6F7EA8,Trans New Guinea,Papua New Guinea
Sisiqa [bbq],-7.133,157,#D17073,Austronesian,Solomons
SiSwati [ssw],-27,32,#AE6242,Niger-Kongo,Swaziland
Siuslaw [sis],44,-124,#735B5C,Oregon Coast,USA
Skou [skv],-2.667,140.917,#955DAA,Skou,Indonesia
Slave [xsl],60,-120,#89517E,Dene-Yeniseic,Canada
Slovene [slv],46,14.5,#529907,Indo-European,Slovenia
Sm'algyax [tsi],52.5,-129,#966A5C,Tsimshian,USA
So [teu],2.5,34.75,#9A6F74,Nilo-Saharan,Uganda
So [xxx-60],17.333,104.333,#E9C894,Austroasiatic,Thailand
Sobei [sob],-1.917,138.75,#BE6B99,Austronesian,Indonesia
Soboyo [tlv],-1.83,124.92,#BC928F,Austronesian,Indonesia
Solega [sle],12.2,76.5,#0B7982,Dravidian,India
Somali [som],7,47,#8C4C6D,Afro-Asiatic,Somalia
Soninke [snk],13.25,-14.25,#859291,Mande,Senegal
Sonsorol [sov],4.5,132.083,#D09775,Austronesian,Palau
Soqotri [sqt],12.5,54,#865025,Afro-Asiatic,Yemen
Sora [srb],20,84.333,#47627F,Austroasiatic,India
Sorbian [dsb],52,13.75,#448512,Indo-European,Germany
Sotho_South [sot-2],-30,28,#BC5B4F,Niger-Kongo,Lesotho
Sougb [mnx],-1.5,134,#99708E,East Bird's Head,Indonesia
Souw Amana Teru [tlu],-3.58,128.3,#AF618E,Austronesian,Indonesia
Spanish [spa],41.65,-4.75,#7F7205,Indo-European,Spain
Spanish_spoken [spa-2],39,-3,#816F0C,Indo-European,Spain
Spiti [bod-2],32.75,77.75,#24BD64,Tibeto-Burman,India
Squamish [squ],49.67,-123.17,#8D3148,Salish,Canada
Sre [kpm],11.5,108,#EFDC6C,Austroasiatic,Vietnam
Stieng [sti],12,107,#D9DE82,Austroasiatic,Vietnam
Sudest [tgo],-11.5,153.5,#CA568D,Austronesian,Papua New Guinea
Suena [sue],-7.75,147.5,#5F8786,Trans New Guinea,Papua New Guinea
Sui [swi],26.25,107.5,#D7CB80,Tai-Kadai,China
Sukuma [suk],-3.234,33.516,#B95953,Niger-Kongo,Tanzania
Sula [szn],-2.06,125.98,#D882A7,Austronesian,Indonesia
Sulka [sua],-5.083,152,#B96598,Sulka,Papua New Guinea
Sumbawa [smw],-8.583,117.5,#EB8B7A,Austronesian,Indonesia
Sundanese [sun],-7,107.5,#EBBA7F,Austronesian,Indonesia
Sunwar [suz],27.6,86.3,#2B8C9C,Tibeto-Burman,Nepal
Supyire [spp],11.5,-5.58,#9C9B55,Niger-Kongo,Mali
Surin Khmer [kxm],15,103.75,#EDDB90,Austroasiatic,Thailand
Swahili [swh],-6.5,39,#BB5460,Niger-Kongo,Tanzania
Swedish [swe],60,15,#6FA308,Indo-European,Sweden
Taba [mky],0.333,127.583,#CD8294,Austronesian,Indonesia
Tabla [tnm],-2.417,140.333,#4D5899,Trans New Guinea,Indonesia
Tadaksahak [dsq],16.58,2.83,#965C6A,Nilo-Saharan,Mali
Tafi [tcd],6.8,0.4,#B17376,Niger-Kongo,Ghana
Tagalog [tgl],14.75,121,#C17B90,Austronesian,Philippines
Tagbanwa_Aborlan [tbw],9,118,#C67898,Austronesian,Philippines
Tahitian [tah],-17.667,-149,#BA7986,Austronesian,French Polynesia
Tai Aiton [aio],26.95,94.67,#DAD291,Tai-Kadai,India
Tairora [tbg],-6.583,145.917,#3B4DA1,Trans New Guinea,Papua New Guinea
Tajik [tgk],38.667,70,#5A9628,Indo-European,Tajikistan
Takelma [tkm],42.5,-123,#664388,Takelma,USA
Takia [tbc],-4.75,146,#B2659E,Austronesian,Papua New Guinea
Talaud [tld],4,126.67,#C5808B,Austronesian,Indonesia
Talysh [tly],39,48.85,#2F724A,Indo-European,Iran
Tamambo [mla],-15.7,167.2,#C76887,Austronesian,Vanuatu
Tamang [tge],27.67,85.5,#3CD1A8,Tibeto-Burman,Nepal
Tamang_Eastern [taj],27.6,85.75,#33DAA5,Tibeto-Burman,Nepal
Tamang_Western [tdg],27.98,85.17,#43D8AD,Tibeto-Burman,Nepal
Tamazight [tzm],33,-4,#9E4446,Afro-Asiatic,Morocco
Tamil [tam],13,79,#0F7374,Dravidian,India
Tanacross [tcb],63.5,-143.5,#813A7F,Dene-Yeniseic,USA
Tanglapui [tpg],-8.3,125,#A05BC7,Timor-Alor-Pantar,Indonesia
Tarahumara [tar],27.5,-107.5,#493C81,Uto-Aztecan,Mexico
Taraon [tro],28.2,96.25,#38C28B,Tibeto-Burman,India
Tariana [tae],0.3,-69.7,#445588,Arawak,Brazil
Tashelhiyt [shi],31,-5,#A93D48,Afro-Asiatic,Morocco
Tatana [txx],5.5,115.5,#DC7F8E,Austronesian,Malaysia
Tatar [tat],56,49.5,#2D9950,Turkic,Russia
Tause [tad],-2.833,137,#9EA6AF,Lakes Plains,Indonesia
Tausug [tsg],6,121,#E18296,Austronesian,Philippines
Tauya [tya],-5.75,145.3,#72749C,Trans New Guinea,Papua New Guinea
Tawala [tbo],-10.333,150.5,#AD46A0,Austronesian,Papua New Guinea
Tboli [tbl],6.167,124.5,#D68D81,Austronesian,Philippines
Tehit Imyan [kps-2],-1.75,132.167,#BF6794,West Papuan,Indonesia
Teiwa [twe],-8.333,124.2,#AD6EBA,Timor-Alor-Pantar,Indonesia
Telugu [tel],16,79.5,#189E4B,Dravidian,India
Temiar [tea],4.833,101.333,#CE918C,Austroasiatic,Malaysia
Temne [tem],8.67,-13.08,#B5855E,Niger-Kongo,Sierra Leone
Tengger [tes],-7.95,112.95,#CF8980,Austronesian,Indonesia
Teop [tio],-5.667,155.083,#E2667B,Austronesian,Papua New Guinea
Tepehuan_Huehuetla [tee],20.476,-98.09,#87315A,Totozoquean-Chitimacha,Mexico
Tera [ttr],11,11.83,#C29E60,Afro-Asiatic,Nigeria
Terêna [ter],-20,-56,#A5378D,Arawak,Brazil
Ternate [tft],0.833,127.333,#CF909C,West Papuan,Indonesia
Ternate Malay [max],0.786,127.377,#D8C290,Austronesian,Indonesia
Tetun [tet],-9.333,125.083,#D2877B,Austronesian,Indonesia
Thai [tha],15.583,100.333,#E5DD6C,Tai-Kadai,Thailand
Thai_Northern [nod],18,99,#E7E37D,Tai-Kadai,Thailand
Thakali [ths],28.75,83.69,#4ACA96,Tibeto-Burman,Nepal
Thangmi [thf],27.75,86,#26A791,Tibeto-Burman,Nepal
Tharrkari [dhr],-23.6,115.7,#49ACA2,Pama-Nyungan,Australia
Themchen [adx-2],36.6,101.75,#2CB98C,Tibeto-Burman,China
Thulung [tdh],27.6,86.75,#2A6EA3,Tibeto-Burman,Nepal
Tidore [tvo],0,127.75,#C37596,West Papuan,Indonesia
Tigak [tgc],-2.75,150.917,#DD7C8D,Austronesian,Papua New Guinea
Tigré [tig],16.5,38.5,#694426,Afro-Asiatic,Eritrea
Tigrinya [tir],14.5,38.5,#50463E,Afro-Asiatic,Ethiopia
Timugon [tih],5,116,#C99474,Austronesian,Malaysia
Tiri [cir],-21.667,165.75,#BE9165,Austronesian,New Caledonia
Tiwa [lax],26.5,92.5,#4BB5A3,Tibeto-Burman,India
Tiwi [tiw],-11.5,131,#A45B85,Tiwi,Australia
Tlingit [tli],57,-133,#57517D,Dene-Yeniseic,USA
Toba_Batak [bbc],2.5,99.5,#DE7A6E,Austronesian,Indonesia
Tobati [tti],-2.583,140.867,#835CAA,Austronesian,Indonesia
Tobelo [tlb],0.75,127.75,#B75EBF,West Papuan,Indonesia
Tokelauan [tkl],-9.15,-171.78,#BA929D,Austronesian,Tokelau
Tol [jic],14.75,-85,#6A6979,Jicaque,Honduras
Tolaki [lbw],-4,122.25,#C4597E,Austronesian,Indonesia
Tondano [tdn],1.25,125,#E19478,Austronesian,Indonesia
Tonga [toi],-17,27,#C95259,Niger-Kongo,Zambia
Tongan [ton],-21.167,-175.25,#C9A091,Austronesian,Tonga
Tonkawa [tqw],30,-95,#4F5197,Tonkawa,USA
Toqabaqita [mlu],-8.333,160.667,#DB48A4,Austronesian,Solomons
Toratan [rth],1.083,124.833,#C28F7D,Austronesian,Indonesia
Torwali [trw],34.25,72,#1AA333,Indo-European,Pakistan
Touo [tqu],-8.667,157.5,#6A5C80,Touo,Solomons
Trumai [tpy],-13.5,-53,#648A85,Trumai,Brazil
Tsat [huq],18.25,109.5,#CDD97F,Austronesian,China
Tshangla [tsj],27.07,92,#34CBA2,Tibeto-Burman,Bhutan
Tsova-Tush [bbl],42.5,45.5,#3C6763,Kartvelian,Russia
Tsuken [xug],26.55,127.94,#38938A,Japonic,Japan
Tsum [ttz],28.51,85.08,#27B79C,Tibeto-Burman,Nepal
Tübatulabal [tub],36,-118.33,#4A6C8C,Uto-Aztecan,USA
Tubu [tuq],21,17,#61536F,Nilo-Saharan,Chad
Tugun [tzn],-7.833,126.667,#D47094,Austronesian,Indonesia
Tujia [tji],27.5,109,#8ED1A4,Tibeto-Burman,China
Tukang_Besi [khc],-5.5,123.667,#DE7970,Austronesian,Indonesia
Tulu [tcy],12.75,75.333,#1AA55C,Dravidian,India
Tümpisa [par],37,-117,#4A6C97,Uto-Aztecan,USA
Tunica [tun],32.67,-91,#693890,Tunica,USA
Turkana [tuv],3,35,#B16D8E,Nilo-Saharan,Kenya
Turkish [tur],40,30,#1F833C,Turkic,Turkey
Turkish_Crimean [crh],45,34.083,#228B4A,Turkic,Ukraine
Turkmen [tuk],40,58,#1C856F,Turkic,Turkmenistan
Turung [try],27.14,95.75,#8ACCA9,Tibeto-Burman,India
Tuscarora [tus],36,-77.5,#9B35A0,Iroquoian,USA
Tutsa [tvt],26.9,95.6,#4FA0B2,Tibeto-Burman,India
Tuva [tyv],52,95,#228964,Turkic,Russia
Tuvalu [tvl],-10,180,#BCA386,Austronesian,Tuvalu
Tz'utujil [tzj],14.5,-91.25,#AE3F4A,Mayan,Guatemala
Tzeltal_Aguacatenango [tzh],16.42,-92.5,#A33A4A,Mayan,Mexico
Tzotzil [tzc],16.7,-92.7,#A53B41,Mayan,Mexico
U [xxx-61],22.6,101.7,#EACE7E,Austroasiatic,China
Uab Meto [aoz],-9.67,124.25,#D37B8A,Austronesian,Indonesia
Udihe [ude],47.667,136.25,#338C70,Tungusic,Russia
Udmurt [udm],56.83,53.19,#3F9466,Uralic,Russia
Uduk [udu],8.2,34.4,#A29A7C,Nilo-Saharan,Somalia
Ughele [uge],-8.5,157.33,#D75776,Austronesian,Solomons
Uighur [uig],40,80,#258056,Turkic,China
Ukrainian [ukr],50,32,#578E12,Indo-European,Ukraine
Uma [ppk],-1.75,119.917,#E46991,Austronesian,Indonesia
UMbundu [umb],-11.5,15,#B65A63,Niger-Kongo,Angola
Una [mtg],-4.667,140,#6163A9,Trans New Guinea,Indonesia
Ura [ryn],28.415,129.59,#359996,Japonic,Japan
Uradhi [urf],-12,142.25,#55B2AD,Pama-Nyungan,Australia
Urak_Lawoi [urk],7.25,99.25,#E9D68B,Austronesian,Thailand
Urdu [urd],29,71,#3C9E18,Indo-European,Pakistan
Uruangnirin [urn],-3.5,132.833,#B566A5,Austronesian,Indonesia
Urubu-Kaapor [urb],-2,-47,#836AA3,Tupi,Brazil
Usan [wnu],-4.833,145.333,#8F42AA,Trans New Guinea,Papua New Guinea
Usarufa [usa],-6.5,146.083,#2C47A6,Trans New Guinea,Papua New Guinea
Ute [ute],39,-109,#474F8A,Uto-Aztecan,USA
Uzbek [uzn],39,66,#2C7A53,Turkic,Uzbekistan
V'ënen_Taut [nmb],-16.083,167.25,#BD5498,Austronesian,Vanuatu
Vai [vai],7.3,-10.55,#9C998F,Mande,Liberia
Valman [van],-3.25,142.5,#B95B8C,Torricelli,Papua New Guinea
Vano [vnk],-11.667,166.75,#D29189,Austronesian,Solomons
Varli [vav],20,73.79,#1CA45D,Indo-European,India
Venda [ven],-23.5,30,#B65D48,Niger-Kongo,South Africa
Vietnamese_Hanoi [vie],21.03,105.85,#EADB76,Austroasiatic,Vietnam
Wahgi [wgi],-6.667,145.583,#6A71A1,Trans New Guinea,Papua New Guinea
Waigali [wbk],35.2,70.99,#1D823E,Indo-European,Afghanistan
Waima'a [wmh],-8.5,126.33,#D8CC99,Austronesian,Timor leste
Wakhi [wbl],36.5,72,#28972D,Indo-European,Pakistan
Walapai [yuf],35.5,-113.75,#424D91,Yuman-Cochimi,USA
Walmatjarri [wmt],-20.116,127.461,#415CAC,Pama-Nyungan,Australia
Wambaya [wmb],-18.667,135.75,#71639D,Mirndi,Australia
Wambule [wme],27.12,86.45,#3A88A2,Tibeto-Burman,Nepal
Wandamen [wad],-2.67,134.25,#C26598,Austronesian,Indonesia
Wangkajunga [mpj-4],-19,126,#4C72B7,Pama-Nyungan,Australia
Waorani [auc],-1,-76.5,#56759B,Waorani,Ecuador
Wappo [wao],38.5,-122.5,#517E8C,Wappo-Yukian,USA
Warao [wba],9,-62,#4B598F,Warao,Venezuela
Waray-Waray [war],12,125,#BC7287,Austronesian,Philippines
Wardaman [wrr],-15.5,131,#6457A6,Yangman,Australia
Warekena [gae],2,-65,#7A4F77,Arawak,Venezuela
Warembori [wsa],-1.65,137.6,#BC65B0,Austronesian,Indonesia
Wari' [pav],-11.5,-65,#D4548A,Chapacura,Brazil
Warlpiri [wbp],-20,132.333,#556FA3,Pama-Nyungan,Australia
Warndarang [wnd],-14.417,135.583,#684BBA,Mara-Warndarang-Alawa,Australia
Waropen [wrp],-2.333,136.667,#B84B9E,Austronesian,Indonesia
Warrgamay [wgy],-18.583,146.167,#5598A5,Pama-Nyungan,Australia
Warrnambool [xxx-31],-38.25,142.5,#6682A8,Pama-Nyungan,Australia
Warumungu [wrm],-19.6,134.2,#61A7AC,Pama-Nyungan,Australia
Washo [was],39.25,-120,#526396,Washo,USA
Waskia [wsk],-4.583,145.917,#757D9F,Trans New Guinea,Papua New Guinea
Wathawurrung [xxx-32],-37.5,144,#6572B4,Pama-Nyungan,Australia
Watjarri [wbv],-29,117.25,#6297B4,Pama-Nyungan,Australia
Wayana [way],1.216667,-54.656667,#4F26C4,Cariban,Brazil
Welsh [cym],52.3,-4,#8F7222,Indo-European,Britain
Wembawemba [xxx-33],-36,142,#566897,Pama-Nyungan,Australia
West Makian [mqs],0.333,127.417,#CE669A,West Papuan,Indonesia
Wichí [mzh],-22.5,-62.583,#A1376C,Matacoan,Argentina
Wichita [wic],33.33,-97.33,#922C8D,Caddoan,USA
Wik Mungkan [wim],-13.667,141.833,#5DA7B9,Pama-Nyungan,Australia
Wik Ngathana [wig],-13.917,141.5,#56BDB3,Pama-Nyungan,Australia
Winnebago [win],43,-89,#A545A2,Siouan,USA
Wintu [wit-2],41,-122.5,#56588F,Wintuan,USA
Wirangu [wiw],-32,134,#4E98C5,Pama-Nyungan,Australia
Woleaian [woe],7.333,143.833,#DB848A,Austronesian,USA Federated States of Micronesia
Wolio [wlo],-5.5,122.75,#D65C80,Austronesian,Indonesia
Wolof [wol],15.25,-16.5,#D2705B,Niger-Kongo,Senegal
Wooi [wbw],-1.72,135.47,#B75F82,Austronesian,Indonesia
Worora [unp],-15.667,124.667,#5C3DCF,Wororan,Australia
Wotu [wtw],-2.56,120.76,#E6627E,Austronesian,Indonesia
Wulguru [xxx-35],-19.25,146.5,#4E8498,Pama-Nyungan,Australia
Wutun [wuh],35.9,102.1,#49C09A,Tibeto-Burman,China
Wutung [wut],-2.667,141.167,#967284,Skou,Papua New Guinea
Wuvulu [wuv],-1.72,142.833,#B94C6B,Austronesian,Papua New Guinea
Wyandot [wya],48.861,-71.357,#7E20AD,Iroquoian,Canada
Xhosa [xho],-33,28,#AA654B,Niger-Kongo,South Africa
Xokleng [xok],-24.3,-50,#717E86,Macro-Je,Brazil
Xuwen [nan-7],20.35,110.2,#AEE270,Tibeto-Burman,China
Yabem [jae],-6.75,147.833,#A26BA6,Austronesian,Papua New Guinea
Yagaria [ygr-2],-6.417,145.417,#445188,Trans New Guinea,Papua New Guinea
Yagua [yad],-3.5,-72,#8C538B,Yagua,Peru
Yakkha [ybh],27.2,87.25,#2E73AC,Tibeto-Burman,Nepal
Yakut [sah],62,130,#21856C,Turkic,Russia
Yala [yba],6.4,8.4,#D09988,Niger-Kongo,Nigeria
Yamphu [ybi],27.4,87.1,#317F9C,Tibeto-Burman,Nepal
Yankuntjatjara [kdd],-27.5,132,#4B7CBC,Pama-Nyungan,Australia
Yanyuwa [jao],-15.833,136,#596EAA,Pama-Nyungan,Australia
Yao [yao],-11.45,34,#CF5C5E,Niger-Kongo,Malawi
Yap [yap],9.53,138.1,#C26475,Austronesian,Yap
Yaqui_Arizona [yaq],31.67,-111.25,#63697B,Uto-Aztecan,USA
Yarik [erw],-2.7,132.6,#B776A5,Austronesian,Indonesia
Yawa [yva],-1.75,136.25,#9054A8,West Papuan,Indonesia
Yawelmani [yok-2],35.3,-118.65,#63896B,Yok-Utian,USA
Yawuru [ywr],-18,122.5,#6856A8,Nyulnyul,Australia
Yaygir [xxx-36],-29.667,153,#4DA6A7,Pama-Nyungan,Australia
Yeletnye [yle],-11,154,#5746B1,Yeletnye,Papua New Guinea
Yelmek [jel],-7.667,139.75,#489B82,Bulaka,Indonesia
Yessan-Mayo [yss],-4.083,142.583,#488E81,Sepik,Papua New Guinea
Yeyi [yey],-20,23.5,#B8645B,Niger-Kongo,Botswana
Yidiny [yii],-17.917,146.09,#559BA6,Pama-Nyungan,Australia
Yimas [yee],-4.75,143.583,#5D4583,Lower Sepik-Ramu,Papua New Guinea
Yindjibarndi [yij],-21.5,117,#50A18E,Pama-Nyungan,Australia
Yingkarta [yia],-24.7,114.5,#548D95,Pama-Nyungan,Australia
Yir Yoront [yiy],-14.333,142.25,#529DB8,Pama-Nyungan,Australia
Yohlmo [scp],27.85,85.6,#22C99F,Tibeto-Burman,Nepal
Yokuts_Northern Foothill [yok],36.58,-119.08,#5A9373,Yok-Utian,USA
Yoruba [yor],8,4.33,#D49873,Niger-Kongo,Nigeria
Yuchi [yuc],35.75,-86.75,#793FAD,Yuchi,USA
Yugur [ybe],38.988,100.025,#31A572,Turkic,China
Yukaghir [ykg],65.75,150.833,#378280,Yukaghir,Russia
Yuki [yuk],39.67,-123.5,#4B7B91,Wappo-Yukian,USA
Yukulta [gcd],-17.333,138.833,#487092,Tangkic,Australia
Yunnan_Kunming [smm],24,102,#9ED160,Tibeto-Burman,China
Yup'ik_Central Alaskan [esu],59.5,-160,#395194,Eskimo-Aleut,USA
Yuracaré [yuz],-16.5,-65,#6A3587,Yurakare,Bolivia
Yurok [yur],41.33,-124,#795462,Algic,USA
Yuwaalaraay [kld],-29.5,148,#4A9E9C,Pama-Nyungan,Australia
Zaiwa [atb],24.5,98.5,#7C96C0,Tibeto-Burman,China
Zapotec [zai],16.5,-95,#CF485D,Otomanguean,Mexico
Zhuang [zyn],23.6,108.3,#DCCE85,Tai-Kadai,China
Zulu [zul],-30,30,#AF5C56,Niger-Kongo,South Africa
Zuni [zun],35.08,-108.83,#617275,Zuni,USA
Kadiwéu [kbc],-20,-57,#9C4869,Guaicuruan,Brazil
